[debug] [2026-04-13T17:11:12.284Z] ----------------------------------------------------------------------
[debug] [2026-04-13T17:11:12.286Z] Command:       C:\Program Files\nodejs\node.exe C:\Users\OSCAR\AppData\Roaming\npm\node_modules\firebase-tools\lib\bin\firebase.js deploy --only functions
[debug] [2026-04-13T17:11:12.286Z] CLI Version:   13.4.1
[debug] [2026-04-13T17:11:12.286Z] Platform:      win32
[debug] [2026-04-13T17:11:12.286Z] Node Version:  v24.14.1
[debug] [2026-04-13T17:11:12.286Z] Time:          Mon Apr 13 2026 13:11:12 GMT-0400 (hora de Bolivia)
[debug] [2026-04-13T17:11:12.286Z] ----------------------------------------------------------------------
[debug] 
[debug] [2026-04-13T17:11:12.331Z] > command requires scopes: ["email","openid","https://www.googleapis.com/auth/cloudplatformprojects.readonly","https://www.googleapis.com/auth/firebase","https://www.googleapis.com/auth/cloud-platform"]
[debug] [2026-04-13T17:11:12.331Z] > authorizing via signed-in user (turismo.cocha.oficial@gmail.com)
[debug] [2026-04-13T17:11:12.332Z] [iam] checking project cocha-turismo for permissions ["cloudfunctions.functions.create","cloudfunctions.functions.delete","cloudfunctions.functions.get","cloudfunctions.functions.list","cloudfunctions.functions.update","cloudfunctions.operations.get","firebase.projects.get"]
[debug] [2026-04-13T17:11:12.333Z] >>> [apiv2][query] POST https://cloudresourcemanager.googleapis.com/v1/projects/cocha-turismo:testIamPermissions [none]
[debug] [2026-04-13T17:11:12.333Z] >>> [apiv2][(partial)header] POST https://cloudresourcemanager.googleapis.com/v1/projects/cocha-turismo:testIamPermissions x-goog-quota-user=projects/cocha-turismo
[debug] [2026-04-13T17:11:12.333Z] >>> [apiv2][body] POST https://cloudresourcemanager.googleapis.com/v1/projects/cocha-turismo:testIamPermissions {"permissions":["cloudfunctions.functions.create","cloudfunctions.functions.delete","cloudfunctions.functions.get","cloudfunctions.functions.list","cloudfunctions.functions.update","cloudfunctions.operations.get","firebase.projects.get"]}
[debug] [2026-04-13T17:11:13.461Z] <<< [apiv2][status] POST https://cloudresourcemanager.googleapis.com/v1/projects/cocha-turismo:testIamPermissions 200
[debug] [2026-04-13T17:11:13.461Z] <<< [apiv2][body] POST https://cloudresourcemanager.googleapis.com/v1/projects/cocha-turismo:testIamPermissions {"permissions":["cloudfunctions.functions.create","cloudfunctions.functions.delete","cloudfunctions.functions.get","cloudfunctions.functions.list","cloudfunctions.functions.update","cloudfunctions.operations.get","firebase.projects.get"]}
[debug] [2026-04-13T17:11:13.462Z] >>> [apiv2][query] POST https://iam.googleapis.com/v1/projects/cocha-turismo/serviceAccounts/cocha-turismo@appspot.gserviceaccount.com:testIamPermissions [none]
[debug] [2026-04-13T17:11:13.462Z] >>> [apiv2][body] POST https://iam.googleapis.com/v1/projects/cocha-turismo/serviceAccounts/cocha-turismo@appspot.gserviceaccount.com:testIamPermissions {"permissions":["iam.serviceAccounts.actAs"]}
[debug] [2026-04-13T17:11:14.624Z] <<< [apiv2][status] POST https://iam.googleapis.com/v1/projects/cocha-turismo/serviceAccounts/cocha-turismo@appspot.gserviceaccount.com:testIamPermissions 200
[debug] [2026-04-13T17:11:14.624Z] <<< [apiv2][body] POST https://iam.googleapis.com/v1/projects/cocha-turismo/serviceAccounts/cocha-turismo@appspot.gserviceaccount.com:testIamPermissions {"permissions":["iam.serviceAccounts.actAs"]}
[info] 
[info] === Deploying to 'cocha-turismo'...
[info] 
[info] i  deploying functions 
[info] Running command: npm --prefix "functions" run build
[info] +  functions: Finished running predeploy script. 
[debug] [2026-04-13T17:11:16.814Z] >>> [apiv2][query] GET https://firebase.googleapis.com/v1beta1/projects/cocha-turismo [none]
[debug] [2026-04-13T17:11:17.360Z] <<< [apiv2][status] GET https://firebase.googleapis.com/v1beta1/projects/cocha-turismo 200
[debug] [2026-04-13T17:11:17.360Z] <<< [apiv2][body] GET https://firebase.googleapis.com/v1beta1/projects/cocha-turismo {"projectId":"cocha-turismo","projectNumber":"814334659870","displayName":"Cocha Turismo","name":"projects/cocha-turismo","resources":{"hostingSite":"cocha-turismo","locationId":"us-central"},"state":"ACTIVE","etag":"1_9edb3a55-c03a-448a-9bf5-dcd1e273e152"}
[info] i  functions: preparing codebase default for deployment 
[info] i  functions: ensuring required API cloudfunctions.googleapis.com is enabled... 
[info] i  functions: ensuring required API cloudbuild.googleapis.com is enabled... 
[info] i  artifactregistry: ensuring required API artifactregistry.googleapis.com is enabled... 
[debug] [2026-04-13T17:11:17.362Z] >>> [apiv2][query] GET https://serviceusage.googleapis.com/v1/projects/cocha-turismo/services/cloudfunctions.googleapis.com [none]
[debug] [2026-04-13T17:11:17.362Z] >>> [apiv2][(partial)header] GET https://serviceusage.googleapis.com/v1/projects/cocha-turismo/services/cloudfunctions.googleapis.com x-goog-quota-user=projects/cocha-turismo
[debug] [2026-04-13T17:11:17.363Z] >>> [apiv2][query] GET https://serviceusage.googleapis.com/v1/projects/cocha-turismo/services/runtimeconfig.googleapis.com [none]
[debug] [2026-04-13T17:11:17.363Z] >>> [apiv2][(partial)header] GET https://serviceusage.googleapis.com/v1/projects/cocha-turismo/services/runtimeconfig.googleapis.com x-goog-quota-user=projects/cocha-turismo
[debug] [2026-04-13T17:11:17.364Z] >>> [apiv2][query] GET https://serviceusage.googleapis.com/v1/projects/cocha-turismo/services/cloudbuild.googleapis.com [none]
[debug] [2026-04-13T17:11:17.364Z] >>> [apiv2][(partial)header] GET https://serviceusage.googleapis.com/v1/projects/cocha-turismo/services/cloudbuild.googleapis.com x-goog-quota-user=projects/cocha-turismo
[debug] [2026-04-13T17:11:17.365Z] >>> [apiv2][query] GET https://serviceusage.googleapis.com/v1/projects/cocha-turismo/services/artifactregistry.googleapis.com [none]
[debug] [2026-04-13T17:11:17.365Z] >>> [apiv2][(partial)header] GET https://serviceusage.googleapis.com/v1/projects/cocha-turismo/services/artifactregistry.googleapis.com x-goog-quota-user=projects/cocha-turismo
[debug] [2026-04-13T17:11:18.527Z] <<< [apiv2][status] GET https://serviceusage.googleapis.com/v1/projects/cocha-turismo/services/runtimeconfig.googleapis.com 200
[debug] [2026-04-13T17:11:18.527Z] <<< [apiv2][body] GET https://serviceusage.googleapis.com/v1/projects/cocha-turismo/services/runtimeconfig.googleapis.com [omitted]
[debug] [2026-04-13T17:11:18.529Z] <<< [apiv2][status] GET https://serviceusage.googleapis.com/v1/projects/cocha-turismo/services/cloudbuild.googleapis.com 200
[debug] [2026-04-13T17:11:18.529Z] <<< [apiv2][body] GET https://serviceusage.googleapis.com/v1/projects/cocha-turismo/services/cloudbuild.googleapis.com [omitted]
[warn] !  functions: missing required API cloudbuild.googleapis.com. Enabling now... 
[debug] [2026-04-13T17:11:18.530Z] >>> [apiv2][query] POST https://serviceusage.googleapis.com/v1/projects/cocha-turismo/services/cloudbuild.googleapis.com:enable [none]
[debug] [2026-04-13T17:11:18.530Z] >>> [apiv2][(partial)header] POST https://serviceusage.googleapis.com/v1/projects/cocha-turismo/services/cloudbuild.googleapis.com:enable x-goog-quota-user=projects/cocha-turismo
[debug] [2026-04-13T17:11:18.534Z] <<< [apiv2][status] GET https://serviceusage.googleapis.com/v1/projects/cocha-turismo/services/artifactregistry.googleapis.com 200
[debug] [2026-04-13T17:11:18.534Z] <<< [apiv2][body] GET https://serviceusage.googleapis.com/v1/projects/cocha-turismo/services/artifactregistry.googleapis.com [omitted]
[warn] !  artifactregistry: missing required API artifactregistry.googleapis.com. Enabling now... 
[debug] [2026-04-13T17:11:18.535Z] >>> [apiv2][query] POST https://serviceusage.googleapis.com/v1/projects/cocha-turismo/services/artifactregistry.googleapis.com:enable [none]
[debug] [2026-04-13T17:11:18.535Z] >>> [apiv2][(partial)header] POST https://serviceusage.googleapis.com/v1/projects/cocha-turismo/services/artifactregistry.googleapis.com:enable x-goog-quota-user=projects/cocha-turismo
[debug] [2026-04-13T17:11:18.584Z] <<< [apiv2][status] GET https://serviceusage.googleapis.com/v1/projects/cocha-turismo/services/cloudfunctions.googleapis.com 200
[debug] [2026-04-13T17:11:18.584Z] <<< [apiv2][body] GET https://serviceusage.googleapis.com/v1/projects/cocha-turismo/services/cloudfunctions.googleapis.com [omitted]
[info] +  functions: required API cloudfunctions.googleapis.com is enabled 
[debug] [2026-04-13T17:11:19.652Z] <<< [apiv2][status] POST https://serviceusage.googleapis.com/v1/projects/cocha-turismo/services/artifactregistry.googleapis.com:enable 200
[debug] [2026-04-13T17:11:19.652Z] <<< [apiv2][body] POST https://serviceusage.googleapis.com/v1/projects/cocha-turismo/services/artifactregistry.googleapis.com:enable [omitted]
[debug] [2026-04-13T17:11:19.756Z] <<< [apiv2][status] POST https://serviceusage.googleapis.com/v1/projects/cocha-turismo/services/cloudbuild.googleapis.com:enable 200
[debug] [2026-04-13T17:11:19.756Z] <<< [apiv2][body] POST https://serviceusage.googleapis.com/v1/projects/cocha-turismo/services/cloudbuild.googleapis.com:enable [omitted]
[debug] [2026-04-13T17:11:29.655Z] >>> [apiv2][query] GET https://serviceusage.googleapis.com/v1/projects/cocha-turismo/services/artifactregistry.googleapis.com [none]
[debug] [2026-04-13T17:11:29.656Z] >>> [apiv2][(partial)header] GET https://serviceusage.googleapis.com/v1/projects/cocha-turismo/services/artifactregistry.googleapis.com x-goog-quota-user=projects/cocha-turismo
[debug] [2026-04-13T17:11:29.762Z] >>> [apiv2][query] GET https://serviceusage.googleapis.com/v1/projects/cocha-turismo/services/cloudbuild.googleapis.com [none]
[debug] [2026-04-13T17:11:29.762Z] >>> [apiv2][(partial)header] GET https://serviceusage.googleapis.com/v1/projects/cocha-turismo/services/cloudbuild.googleapis.com x-goog-quota-user=projects/cocha-turismo
[debug] [2026-04-13T17:11:30.717Z] <<< [apiv2][status] GET https://serviceusage.googleapis.com/v1/projects/cocha-turismo/services/artifactregistry.googleapis.com 200
[debug] [2026-04-13T17:11:30.717Z] <<< [apiv2][body] GET https://serviceusage.googleapis.com/v1/projects/cocha-turismo/services/artifactregistry.googleapis.com [omitted]
[info] +  artifactregistry: required API artifactregistry.googleapis.com is enabled 
[debug] [2026-04-13T17:11:30.838Z] <<< [apiv2][status] GET https://serviceusage.googleapis.com/v1/projects/cocha-turismo/services/cloudbuild.googleapis.com 200
[debug] [2026-04-13T17:11:30.838Z] <<< [apiv2][body] GET https://serviceusage.googleapis.com/v1/projects/cocha-turismo/services/cloudbuild.googleapis.com [omitted]
[info] +  functions: required API cloudbuild.googleapis.com is enabled 
[debug] [2026-04-13T17:11:30.840Z] >>> [apiv2][query] GET https://firebase.googleapis.com/v1beta1/projects/cocha-turismo/adminSdkConfig [none]
[debug] [2026-04-13T17:11:31.537Z] <<< [apiv2][status] GET https://firebase.googleapis.com/v1beta1/projects/cocha-turismo/adminSdkConfig 200
[debug] [2026-04-13T17:11:31.538Z] <<< [apiv2][body] GET https://firebase.googleapis.com/v1beta1/projects/cocha-turismo/adminSdkConfig {"projectId":"cocha-turismo","storageBucket":"cocha-turismo.appspot.com","locationId":"us-central"}
[debug] [2026-04-13T17:11:31.538Z] >>> [apiv2][query] GET https://runtimeconfig.googleapis.com/v1beta1/projects/cocha-turismo/configs [none]
[debug] [2026-04-13T17:11:32.003Z] <<< [apiv2][status] GET https://runtimeconfig.googleapis.com/v1beta1/projects/cocha-turismo/configs 200
[debug] [2026-04-13T17:11:32.003Z] <<< [apiv2][body] GET https://runtimeconfig.googleapis.com/v1beta1/projects/cocha-turismo/configs {}
[debug] [2026-04-13T17:11:32.006Z] Validating nodejs source
[warn] !  functions: package.json indicates an outdated version of firebase-functions. Please upgrade using npm install --save firebase-functions@latest in your functions directory. 
[warn] !  functions: Please note that there will be breaking changes when you upgrade. 
[debug] [2026-04-13T17:11:33.037Z] > [functions] package.json contents: {
  "name": "functions",
  "scripts": {
    "lint": "eslint --ext .js,.ts .",
    "build": "tsc",
    "build:watch": "tsc --watch",
    "serve": "npm run build && firebase emulators:start --only functions",
    "shell": "npm run build && firebase functions:shell",
    "start": "npm run shell",
    "deploy": "firebase deploy --only functions",
    "logs": "firebase functions:log"
  },
  "engines": {
    "node": "20"
  },
  "main": "lib/index.js",
  "dependencies": {
    "firebase-admin": "^12.0.0",
    "firebase-functions": "^5.0.0"
  },
  "devDependencies": {
    "@typescript-eslint/eslint-plugin": "^5.12.0",
    "@typescript-eslint/parser": "^5.12.0",
    "eslint": "^8.9.0",
    "eslint-config-google": "^0.14.0",
    "eslint-plugin-import": "^2.25.4",
    "firebase-functions-test": "^3.1.0",
    "typescript": "^4.9.0"
  },
  "private": true
}
[debug] [2026-04-13T17:11:33.037Z] Building nodejs source
[info] i  functions: Loading and analyzing source code for codebase default to determine what to deploy 
[debug] [2026-04-13T17:11:33.038Z] Could not find functions.yaml. Must use http discovery
[debug] [2026-04-13T17:11:33.046Z] Found firebase-functions binary at 'C:\Users\OSCAR\Desktop\Proyectos\Personales\CityHub\Visita Cocha\administrador\functions\node_modules\.bin\firebase-functions'
[info] Serving at port 8840

[debug] [2026-04-13T17:11:33.426Z] Got response from /__/functions.yaml {"endpoints":{"createUser":{"availableMemoryMb":null,"timeoutSeconds":null,"minInstances":null,"maxInstances":null,"ingressSettings":null,"concurrency":null,"serviceAccountEmail":null,"vpc":null,"platform":"gcfv2","labels":{},"callableTrigger":{},"entryPoint":"createUser"}},"specVersion":"v1alpha1","requiredAPIs":[]}
[info] i  functions: preparing functions directory for uploading... 
[info] i  functions: packaged C:\Users\OSCAR\Desktop\Proyectos\Personales\CityHub\Visita Cocha\administrador\functions (100.86 KB) for uploading 
[debug] [2026-04-13T17:11:37.511Z] >>> [apiv2][query] GET https://cloudfunctions.googleapis.com/v1/projects/cocha-turismo/locations/-/functions [none]
[debug] [2026-04-13T17:11:38.369Z] <<< [apiv2][status] GET https://cloudfunctions.googleapis.com/v1/projects/cocha-turismo/locations/-/functions 200
[debug] [2026-04-13T17:11:38.369Z] <<< [apiv2][body] GET https://cloudfunctions.googleapis.com/v1/projects/cocha-turismo/locations/-/functions {}
[debug] [2026-04-13T17:11:38.369Z] >>> [apiv2][query] GET https://cloudfunctions.googleapis.com/v2/projects/cocha-turismo/locations/-/functions filter=environment%3D%22GEN_2%22
[debug] [2026-04-13T17:11:39.803Z] <<< [apiv2][status] GET https://cloudfunctions.googleapis.com/v2/projects/cocha-turismo/locations/-/functions 200
[debug] [2026-04-13T17:11:39.804Z] <<< [apiv2][body] GET https://cloudfunctions.googleapis.com/v2/projects/cocha-turismo/locations/-/functions {}
[info] i  functions: ensuring required API run.googleapis.com is enabled... 
[info] i  functions: ensuring required API eventarc.googleapis.com is enabled... 
[info] i  functions: ensuring required API pubsub.googleapis.com is enabled... 
[info] i  functions: ensuring required API storage.googleapis.com is enabled... 
[debug] [2026-04-13T17:11:39.806Z] >>> [apiv2][query] GET https://serviceusage.googleapis.com/v1/projects/cocha-turismo/services/run.googleapis.com [none]
[debug] [2026-04-13T17:11:39.806Z] >>> [apiv2][(partial)header] GET https://serviceusage.googleapis.com/v1/projects/cocha-turismo/services/run.googleapis.com x-goog-quota-user=projects/cocha-turismo
[debug] [2026-04-13T17:11:39.807Z] >>> [apiv2][query] GET https://serviceusage.googleapis.com/v1/projects/cocha-turismo/services/eventarc.googleapis.com [none]
[debug] [2026-04-13T17:11:39.807Z] >>> [apiv2][(partial)header] GET https://serviceusage.googleapis.com/v1/projects/cocha-turismo/services/eventarc.googleapis.com x-goog-quota-user=projects/cocha-turismo
[debug] [2026-04-13T17:11:39.807Z] >>> [apiv2][query] GET https://serviceusage.googleapis.com/v1/projects/cocha-turismo/services/pubsub.googleapis.com [none]
[debug] [2026-04-13T17:11:39.808Z] >>> [apiv2][(partial)header] GET https://serviceusage.googleapis.com/v1/projects/cocha-turismo/services/pubsub.googleapis.com x-goog-quota-user=projects/cocha-turismo
[debug] [2026-04-13T17:11:39.808Z] >>> [apiv2][query] GET https://serviceusage.googleapis.com/v1/projects/cocha-turismo/services/storage.googleapis.com [none]
[debug] [2026-04-13T17:11:39.808Z] >>> [apiv2][(partial)header] GET https://serviceusage.googleapis.com/v1/projects/cocha-turismo/services/storage.googleapis.com x-goog-quota-user=projects/cocha-turismo
[debug] [2026-04-13T17:11:40.837Z] <<< [apiv2][status] GET https://serviceusage.googleapis.com/v1/projects/cocha-turismo/services/pubsub.googleapis.com 200
[debug] [2026-04-13T17:11:40.837Z] <<< [apiv2][body] GET https://serviceusage.googleapis.com/v1/projects/cocha-turismo/services/pubsub.googleapis.com [omitted]
[info] +  functions: required API pubsub.googleapis.com is enabled 
[debug] [2026-04-13T17:11:40.959Z] <<< [apiv2][status] GET https://serviceusage.googleapis.com/v1/projects/cocha-turismo/services/run.googleapis.com 200
[debug] [2026-04-13T17:11:40.959Z] <<< [apiv2][body] GET https://serviceusage.googleapis.com/v1/projects/cocha-turismo/services/run.googleapis.com [omitted]
[warn] !  functions: missing required API run.googleapis.com. Enabling now... 
[debug] [2026-04-13T17:11:40.960Z] >>> [apiv2][query] POST https://serviceusage.googleapis.com/v1/projects/cocha-turismo/services/run.googleapis.com:enable [none]
[debug] [2026-04-13T17:11:40.960Z] >>> [apiv2][(partial)header] POST https://serviceusage.googleapis.com/v1/projects/cocha-turismo/services/run.googleapis.com:enable x-goog-quota-user=projects/cocha-turismo
[debug] [2026-04-13T17:11:41.005Z] <<< [apiv2][status] GET https://serviceusage.googleapis.com/v1/projects/cocha-turismo/services/storage.googleapis.com 200
[debug] [2026-04-13T17:11:41.005Z] <<< [apiv2][body] GET https://serviceusage.googleapis.com/v1/projects/cocha-turismo/services/storage.googleapis.com [omitted]
[info] +  functions: required API storage.googleapis.com is enabled 
[debug] [2026-04-13T17:11:41.156Z] <<< [apiv2][status] GET https://serviceusage.googleapis.com/v1/projects/cocha-turismo/services/eventarc.googleapis.com 200
[debug] [2026-04-13T17:11:41.157Z] <<< [apiv2][body] GET https://serviceusage.googleapis.com/v1/projects/cocha-turismo/services/eventarc.googleapis.com [omitted]
[warn] !  functions: missing required API eventarc.googleapis.com. Enabling now... 
[debug] [2026-04-13T17:11:41.157Z] >>> [apiv2][query] POST https://serviceusage.googleapis.com/v1/projects/cocha-turismo/services/eventarc.googleapis.com:enable [none]
[debug] [2026-04-13T17:11:41.157Z] >>> [apiv2][(partial)header] POST https://serviceusage.googleapis.com/v1/projects/cocha-turismo/services/eventarc.googleapis.com:enable x-goog-quota-user=projects/cocha-turismo
[debug] [2026-04-13T17:11:41.534Z] <<< [apiv2][status] POST https://serviceusage.googleapis.com/v1/projects/cocha-turismo/services/eventarc.googleapis.com:enable 200
[debug] [2026-04-13T17:11:41.534Z] <<< [apiv2][body] POST https://serviceusage.googleapis.com/v1/projects/cocha-turismo/services/eventarc.googleapis.com:enable [omitted]
[debug] [2026-04-13T17:11:42.209Z] <<< [apiv2][status] POST https://serviceusage.googleapis.com/v1/projects/cocha-turismo/services/run.googleapis.com:enable 200
[debug] [2026-04-13T17:11:42.209Z] <<< [apiv2][body] POST https://serviceusage.googleapis.com/v1/projects/cocha-turismo/services/run.googleapis.com:enable [omitted]
[debug] [2026-04-13T17:11:51.539Z] >>> [apiv2][query] GET https://serviceusage.googleapis.com/v1/projects/cocha-turismo/services/eventarc.googleapis.com [none]
[debug] [2026-04-13T17:11:51.540Z] >>> [apiv2][(partial)header] GET https://serviceusage.googleapis.com/v1/projects/cocha-turismo/services/eventarc.googleapis.com x-goog-quota-user=projects/cocha-turismo
[debug] [2026-04-13T17:11:52.212Z] >>> [apiv2][query] GET https://serviceusage.googleapis.com/v1/projects/cocha-turismo/services/run.googleapis.com [none]
[debug] [2026-04-13T17:11:52.213Z] >>> [apiv2][(partial)header] GET https://serviceusage.googleapis.com/v1/projects/cocha-turismo/services/run.googleapis.com x-goog-quota-user=projects/cocha-turismo
[debug] [2026-04-13T17:11:52.587Z] <<< [apiv2][status] GET https://serviceusage.googleapis.com/v1/projects/cocha-turismo/services/eventarc.googleapis.com 200
[debug] [2026-04-13T17:11:52.587Z] <<< [apiv2][body] GET https://serviceusage.googleapis.com/v1/projects/cocha-turismo/services/eventarc.googleapis.com [omitted]
[info] +  functions: required API eventarc.googleapis.com is enabled 
[debug] [2026-04-13T17:11:53.272Z] <<< [apiv2][status] GET https://serviceusage.googleapis.com/v1/projects/cocha-turismo/services/run.googleapis.com 200
[debug] [2026-04-13T17:11:53.272Z] <<< [apiv2][body] GET https://serviceusage.googleapis.com/v1/projects/cocha-turismo/services/run.googleapis.com [omitted]
[info] +  functions: required API run.googleapis.com is enabled 
[info] i  functions: generating the service identity for pubsub.googleapis.com... 
[info] i  functions: generating the service identity for eventarc.googleapis.com... 
[debug] [2026-04-13T17:11:53.275Z] >>> [apiv2][query] POST https://serviceusage.googleapis.com/v1beta1/projects/814334659870/services/pubsub.googleapis.com:generateServiceIdentity [none]
[debug] [2026-04-13T17:11:53.275Z] >>> [apiv2][query] POST https://serviceusage.googleapis.com/v1beta1/projects/814334659870/services/eventarc.googleapis.com:generateServiceIdentity [none]
[debug] [2026-04-13T17:11:54.848Z] <<< [apiv2][status] POST https://serviceusage.googleapis.com/v1beta1/projects/814334659870/services/eventarc.googleapis.com:generateServiceIdentity 200
[debug] [2026-04-13T17:11:54.848Z] <<< [apiv2][body] POST https://serviceusage.googleapis.com/v1beta1/projects/814334659870/services/eventarc.googleapis.com:generateServiceIdentity {"name":"operations/finished.DONE_OPERATION","done":true,"response":{"@type":"type.googleapis.com/google.api.serviceusage.v1beta1.ServiceIdentity","email":"service-814334659870@gcp-sa-eventarc.iam.gserviceaccount.com","uniqueId":"116627707781964500685"}}
[debug] [2026-04-13T17:11:54.866Z] <<< [apiv2][status] POST https://serviceusage.googleapis.com/v1beta1/projects/814334659870/services/pubsub.googleapis.com:generateServiceIdentity 200
[debug] [2026-04-13T17:11:54.866Z] <<< [apiv2][body] POST https://serviceusage.googleapis.com/v1beta1/projects/814334659870/services/pubsub.googleapis.com:generateServiceIdentity {"name":"operations/finished.DONE_OPERATION","done":true,"response":{"@type":"type.googleapis.com/google.api.serviceusage.v1beta1.ServiceIdentity","email":"service-814334659870@gcp-sa-pubsub.iam.gserviceaccount.com","uniqueId":"108839164160394007982"}}
[debug] [2026-04-13T17:11:54.868Z] >>> [apiv2][query] GET https://firebase.googleapis.com/v1beta1/projects/cocha-turismo [none]
[debug] [2026-04-13T17:11:55.293Z] <<< [apiv2][status] GET https://firebase.googleapis.com/v1beta1/projects/cocha-turismo 200
[debug] [2026-04-13T17:11:55.293Z] <<< [apiv2][body] GET https://firebase.googleapis.com/v1beta1/projects/cocha-turismo {"projectId":"cocha-turismo","projectNumber":"814334659870","displayName":"Cocha Turismo","name":"projects/cocha-turismo","resources":{"hostingSite":"cocha-turismo","locationId":"us-central"},"state":"ACTIVE","etag":"1_9edb3a55-c03a-448a-9bf5-dcd1e273e152"}
[debug] [2026-04-13T17:11:55.295Z] >>> [apiv2][query] POST https://cloudfunctions.googleapis.com/v2/projects/cocha-turismo/locations/us-central1/functions:generateUploadUrl [none]
[debug] [2026-04-13T17:11:57.307Z] <<< [apiv2][status] POST https://cloudfunctions.googleapis.com/v2/projects/cocha-turismo/locations/us-central1/functions:generateUploadUrl 200
[debug] [2026-04-13T17:11:57.307Z] <<< [apiv2][body] POST https://cloudfunctions.googleapis.com/v2/projects/cocha-turismo/locations/us-central1/functions:generateUploadUrl {"uploadUrl":"https://storage.googleapis.com/gcf-v2-uploads-814334659870.us-central1.cloudfunctions.appspot.com/d2cd4d4a-b629-44dc-8603-5c0210169e06.zip?GoogleAccessId=service-814334659870@gcf-admin-robot.iam.gserviceaccount.com&Expires=1776102114&Signature=qXtsWA%2BpmEL3wyih0STi7ef0GIa4%2B0vG92HlRRiskQoTUD2Mvtxij%2FVJk%2BEMimD%2FQDutrvIEh1DxdaW3p1p6IwLkRlVTDyGffyxvYWS2KYcvll8%2Fh4XabDl4t8VXcjsQlAO%2Fw1czc6TyTfIDiROnDk0tpIl8l5BECt35vCyhBLjLizryu%2FP9xRwPLffEJeXkbbDwCqzOxHsvQlG%2FLSgBy0ghen93YLMMFxnPlsR4lW2NTFF9z2Vrtl1eN%2BqDd9mKXbUJQTbI3%2FmPanfSFhe1tMkOxc1IfHfyWLVwVeKAond2cDpXRMDwYazinml0iIklPeyDaGlOTYZtVcF9CzEZsw%3D%3D","storageSource":{"bucket":"gcf-v2-uploads-814334659870.us-central1.cloudfunctions.appspot.com","object":"d2cd4d4a-b629-44dc-8603-5c0210169e06.zip"}}
[debug] [2026-04-13T17:11:57.307Z] >>> [apiv2][query] PUT https://storage.googleapis.com/gcf-v2-uploads-814334659870.us-central1.cloudfunctions.appspot.com/d2cd4d4a-b629-44dc-8603-5c0210169e06.zip GoogleAccessId=service-814334659870%40gcf-admin-robot.iam.gserviceaccount.com&Expires=1776102114&Signature=qXtsWA%2BpmEL3wyih0STi7ef0GIa4%2B0vG92HlRRiskQoTUD2Mvtxij%2FVJk%2BEMimD%2FQDutrvIEh1DxdaW3p1p6IwLkRlVTDyGffyxvYWS2KYcvll8%2Fh4XabDl4t8VXcjsQlAO%2Fw1czc6TyTfIDiROnDk0tpIl8l5BECt35vCyhBLjLizryu%2FP9xRwPLffEJeXkbbDwCqzOxHsvQlG%2FLSgBy0ghen93YLMMFxnPlsR4lW2NTFF9z2Vrtl1eN%2BqDd9mKXbUJQTbI3%2FmPanfSFhe1tMkOxc1IfHfyWLVwVeKAond2cDpXRMDwYazinml0iIklPeyDaGlOTYZtVcF9CzEZsw%3D%3D
[debug] [2026-04-13T17:11:57.307Z] >>> [apiv2][body] PUT https://storage.googleapis.com/gcf-v2-uploads-814334659870.us-central1.cloudfunctions.appspot.com/d2cd4d4a-b629-44dc-8603-5c0210169e06.zip [stream]
[debug] [2026-04-13T17:11:58.066Z] <<< [apiv2][status] PUT https://storage.googleapis.com/gcf-v2-uploads-814334659870.us-central1.cloudfunctions.appspot.com/d2cd4d4a-b629-44dc-8603-5c0210169e06.zip 200
[debug] [2026-04-13T17:11:58.066Z] <<< [apiv2][body] PUT https://storage.googleapis.com/gcf-v2-uploads-814334659870.us-central1.cloudfunctions.appspot.com/d2cd4d4a-b629-44dc-8603-5c0210169e06.zip [omitted]
[info] +  functions: functions folder uploaded successfully 
[info] i  functions: creating Node.js 20 (2nd Gen) function createUser(us-central1)... 
[debug] [2026-04-13T17:11:58.070Z] >>> [apiv2][query] POST https://cloudfunctions.googleapis.com/v2/projects/cocha-turismo/locations/us-central1/functions functionId=createUser
[debug] [2026-04-13T17:11:58.070Z] >>> [apiv2][body] POST https://cloudfunctions.googleapis.com/v2/projects/cocha-turismo/locations/us-central1/functions {"name":"projects/cocha-turismo/locations/us-central1/functions/createUser","buildConfig":{"runtime":"nodejs20","entryPoint":"createUser","source":{"storageSource":{"bucket":"gcf-v2-uploads-814334659870.us-central1.cloudfunctions.appspot.com","object":"d2cd4d4a-b629-44dc-8603-5c0210169e06.zip"}},"environmentVariables":{"GOOGLE_NODE_RUN_SCRIPTS":""}},"serviceConfig":{"environmentVariables":{"FIREBASE_CONFIG":"{\"projectId\":\"cocha-turismo\",\"storageBucket\":\"cocha-turismo.appspot.com\",\"locationId\":\"us-central\"}","GCLOUD_PROJECT":"cocha-turismo","EVENTARC_CLOUD_EVENT_SOURCE":"projects/cocha-turismo/locations/us-central1/services/createUser","FUNCTION_TARGET":"createUser"},"ingressSettings":null,"timeoutSeconds":null,"serviceAccountEmail":null,"availableMemory":"256Mi","minInstanceCount":null,"maxInstanceCount":null,"maxInstanceRequestConcurrency":80,"availableCpu":"1","vpcConnector":null,"vpcConnectorEgressSettings":null},"labels":{"deployment-tool":"cli-firebase","deployment-callable":"true","firebase-functions-hash":"a7d96060cd8f1ee9f16f0da8ce1ef33d0847c70a"}}
[debug] [2026-04-13T17:12:00.744Z] <<< [apiv2][status] POST https://cloudfunctions.googleapis.com/v2/projects/cocha-turismo/locations/us-central1/functions 200
[debug] [2026-04-13T17:12:00.744Z] <<< [apiv2][body] POST https://cloudfunctions.googleapis.com/v2/projects/cocha-turismo/locations/us-central1/functions {"name":"projects/cocha-turismo/locations/us-central1/operations/operation-1776100316566-64f5a94745543-95484af8-8a9b140d","metadata":{"@type":"type.googleapis.com/google.cloud.functions.v2.OperationMetadata","createTime":"2026-04-13T17:11:58.285488447Z","target":"projects/cocha-turismo/locations/us-central1/functions/createUser","verb":"create","cancelRequested":false,"apiVersion":"v2"},"done":false}
[debug] [2026-04-13T17:12:00.745Z] >>> [apiv2][query] GET https://cloudfunctions.googleapis.com/v2/projects/cocha-turismo/locations/us-central1/operations/operation-1776100316566-64f5a94745543-95484af8-8a9b140d [none]
[debug] [2026-04-13T17:12:01.674Z] <<< [apiv2][status] GET https://cloudfunctions.googleapis.com/v2/projects/cocha-turismo/locations/us-central1/operations/operation-1776100316566-64f5a94745543-95484af8-8a9b140d 200
[debug] [2026-04-13T17:12:01.674Z] <<< [apiv2][body] GET https://cloudfunctions.googleapis.com/v2/projects/cocha-turismo/locations/us-central1/operations/operation-1776100316566-64f5a94745543-95484af8-8a9b140d {"name":"projects/cocha-turismo/locations/us-central1/operations/operation-1776100316566-64f5a94745543-95484af8-8a9b140d","metadata":{"@type":"type.googleapis.com/google.cloud.functions.v2.OperationMetadata","createTime":"2026-04-13T17:11:58.285488447Z","target":"projects/cocha-turismo/locations/us-central1/functions/createUser","verb":"create","cancelRequested":false,"apiVersion":"v2","requestResource":{"@type":"type.googleapis.com/google.cloud.functions.v2.Function","name":"projects/cocha-turismo/locations/us-central1/functions/createUser","buildConfig":{"runtime":"nodejs20","entryPoint":"createUser","source":{"storageSource":{"bucket":"gcf-v2-sources-814334659870-us-central1","object":"createUser/function-source.zip","generation":"1776100317916832"}},"environmentVariables":{"GOOGLE_NODE_RUN_SCRIPTS":""},"serviceAccount":"projects/cocha-turismo/serviceAccounts/814334659870-compute@developer.gserviceaccount.com","automaticUpdatePolicy":{}},"serviceConfig":{"service":"projects/cocha-turismo/locations/us-central1/services/createuser","timeoutSeconds":60,"environmentVariables":{"FIREBASE_CONFIG":"{\"projectId\":\"cocha-turismo\",\"storageBucket\":\"cocha-turismo.appspot.com\",\"locationId\":\"us-central\"}","GCLOUD_PROJECT":"cocha-turismo","EVENTARC_CLOUD_EVENT_SOURCE":"projects/cocha-turismo/locations/us-central1/services/createUser","FUNCTION_TARGET":"createUser","LOG_EXECUTION_ID":"true"},"ingressSettings":"ALLOW_ALL","serviceAccountEmail":"814334659870-compute@developer.gserviceaccount.com","availableMemory":"256Mi","maxInstanceRequestConcurrency":80,"availableCpu":"1"},"labels":{"deployment-tool":"cli-firebase","deployment-callable":"true","firebase-functions-hash":"a7d96060cd8f1ee9f16f0da8ce1ef33d0847c70a"},"environment":"GEN_2"},"stages":[{"name":"BUILD","state":"NOT_STARTED","stateMessages":[{"severity":"WARNING","type":"BuildAnalysisWarning","message":"Node.js 20 is no longer supported by the Node.js community as of 30 April, 2026. Node.js 20 will be deprecated on 2026-04-30. We recommend you to upgrade to the latest version of Node.js as soon as possible."}]},{"name":"SERVICE","state":"NOT_STARTED"}],"operationType":"CREATE_FUNCTION"},"done":false}
[debug] [2026-04-13T17:12:02.176Z] [create-default-us-central1-createUser] Retrying task index 0
[debug] [2026-04-13T17:12:02.176Z] >>> [apiv2][query] GET https://cloudfunctions.googleapis.com/v2/projects/cocha-turismo/locations/us-central1/operations/operation-1776100316566-64f5a94745543-95484af8-8a9b140d [none]
[debug] [2026-04-13T17:12:03.113Z] <<< [apiv2][status] GET https://cloudfunctions.googleapis.com/v2/projects/cocha-turismo/locations/us-central1/operations/operation-1776100316566-64f5a94745543-95484af8-8a9b140d 200
[debug] [2026-04-13T17:12:03.113Z] <<< [apiv2][body] GET https://cloudfunctions.googleapis.com/v2/projects/cocha-turismo/locations/us-central1/operations/operation-1776100316566-64f5a94745543-95484af8-8a9b140d {"name":"projects/cocha-turismo/locations/us-central1/operations/operation-1776100316566-64f5a94745543-95484af8-8a9b140d","metadata":{"@type":"type.googleapis.com/google.cloud.functions.v2.OperationMetadata","createTime":"2026-04-13T17:11:58.285488447Z","target":"projects/cocha-turismo/locations/us-central1/functions/createUser","verb":"create","cancelRequested":false,"apiVersion":"v2","requestResource":{"@type":"type.googleapis.com/google.cloud.functions.v2.Function","name":"projects/cocha-turismo/locations/us-central1/functions/createUser","buildConfig":{"runtime":"nodejs20","entryPoint":"createUser","source":{"storageSource":{"bucket":"gcf-v2-sources-814334659870-us-central1","object":"createUser/function-source.zip","generation":"1776100317916832"}},"environmentVariables":{"GOOGLE_NODE_RUN_SCRIPTS":""},"serviceAccount":"projects/cocha-turismo/serviceAccounts/814334659870-compute@developer.gserviceaccount.com","automaticUpdatePolicy":{}},"serviceConfig":{"service":"projects/cocha-turismo/locations/us-central1/services/createuser","timeoutSeconds":60,"environmentVariables":{"FIREBASE_CONFIG":"{\"projectId\":\"cocha-turismo\",\"storageBucket\":\"cocha-turismo.appspot.com\",\"locationId\":\"us-central\"}","GCLOUD_PROJECT":"cocha-turismo","EVENTARC_CLOUD_EVENT_SOURCE":"projects/cocha-turismo/locations/us-central1/services/createUser","FUNCTION_TARGET":"createUser","LOG_EXECUTION_ID":"true"},"ingressSettings":"ALLOW_ALL","serviceAccountEmail":"814334659870-compute@developer.gserviceaccount.com","availableMemory":"256Mi","maxInstanceRequestConcurrency":80,"availableCpu":"1"},"labels":{"deployment-tool":"cli-firebase","deployment-callable":"true","firebase-functions-hash":"a7d96060cd8f1ee9f16f0da8ce1ef33d0847c70a"},"environment":"GEN_2"},"stages":[{"name":"BUILD","state":"NOT_STARTED","stateMessages":[{"severity":"WARNING","type":"BuildAnalysisWarning","message":"Node.js 20 is no longer supported by the Node.js community as of 30 April, 2026. Node.js 20 will be deprecated on 2026-04-30. We recommend you to upgrade to the latest version of Node.js as soon as possible."}]},{"name":"SERVICE","state":"NOT_STARTED"}],"operationType":"CREATE_FUNCTION"},"done":false}
[debug] [2026-04-13T17:12:04.127Z] [create-default-us-central1-createUser] Retrying task index 0
[debug] [2026-04-13T17:12:04.128Z] >>> [apiv2][query] GET https://cloudfunctions.googleapis.com/v2/projects/cocha-turismo/locations/us-central1/operations/operation-1776100316566-64f5a94745543-95484af8-8a9b140d [none]
[debug] [2026-04-13T17:12:04.384Z] <<< [apiv2][status] GET https://cloudfunctions.googleapis.com/v2/projects/cocha-turismo/locations/us-central1/operations/operation-1776100316566-64f5a94745543-95484af8-8a9b140d 200
[debug] [2026-04-13T17:12:04.384Z] <<< [apiv2][body] GET https://cloudfunctions.googleapis.com/v2/projects/cocha-turismo/locations/us-central1/operations/operation-1776100316566-64f5a94745543-95484af8-8a9b140d {"name":"projects/cocha-turismo/locations/us-central1/operations/operation-1776100316566-64f5a94745543-95484af8-8a9b140d","metadata":{"@type":"type.googleapis.com/google.cloud.functions.v2.OperationMetadata","createTime":"2026-04-13T17:11:58.285488447Z","target":"projects/cocha-turismo/locations/us-central1/functions/createUser","verb":"create","cancelRequested":false,"apiVersion":"v2","requestResource":{"@type":"type.googleapis.com/google.cloud.functions.v2.Function","name":"projects/cocha-turismo/locations/us-central1/functions/createUser","buildConfig":{"runtime":"nodejs20","entryPoint":"createUser","source":{"storageSource":{"bucket":"gcf-v2-sources-814334659870-us-central1","object":"createUser/function-source.zip","generation":"1776100317916832"}},"environmentVariables":{"GOOGLE_NODE_RUN_SCRIPTS":""},"serviceAccount":"projects/cocha-turismo/serviceAccounts/814334659870-compute@developer.gserviceaccount.com","automaticUpdatePolicy":{}},"serviceConfig":{"service":"projects/cocha-turismo/locations/us-central1/services/createuser","timeoutSeconds":60,"environmentVariables":{"FIREBASE_CONFIG":"{\"projectId\":\"cocha-turismo\",\"storageBucket\":\"cocha-turismo.appspot.com\",\"locationId\":\"us-central\"}","GCLOUD_PROJECT":"cocha-turismo","EVENTARC_CLOUD_EVENT_SOURCE":"projects/cocha-turismo/locations/us-central1/services/createUser","FUNCTION_TARGET":"createUser","LOG_EXECUTION_ID":"true"},"ingressSettings":"ALLOW_ALL","serviceAccountEmail":"814334659870-compute@developer.gserviceaccount.com","availableMemory":"256Mi","maxInstanceRequestConcurrency":80,"availableCpu":"1"},"labels":{"deployment-tool":"cli-firebase","deployment-callable":"true","firebase-functions-hash":"a7d96060cd8f1ee9f16f0da8ce1ef33d0847c70a"},"environment":"GEN_2"},"stages":[{"name":"BUILD","state":"NOT_STARTED","stateMessages":[{"severity":"WARNING","type":"BuildAnalysisWarning","message":"Node.js 20 is no longer supported by the Node.js community as of 30 April, 2026. Node.js 20 will be deprecated on 2026-04-30. We recommend you to upgrade to the latest version of Node.js as soon as possible."}]},{"name":"SERVICE","state":"NOT_STARTED"}],"operationType":"CREATE_FUNCTION"},"done":false}
[debug] [2026-04-13T17:12:06.389Z] [create-default-us-central1-createUser] Retrying task index 0
[debug] [2026-04-13T17:12:06.390Z] >>> [apiv2][query] GET https://cloudfunctions.googleapis.com/v2/projects/cocha-turismo/locations/us-central1/operations/operation-1776100316566-64f5a94745543-95484af8-8a9b140d [none]
[debug] [2026-04-13T17:12:07.331Z] <<< [apiv2][status] GET https://cloudfunctions.googleapis.com/v2/projects/cocha-turismo/locations/us-central1/operations/operation-1776100316566-64f5a94745543-95484af8-8a9b140d 200
[debug] [2026-04-13T17:12:07.331Z] <<< [apiv2][body] GET https://cloudfunctions.googleapis.com/v2/projects/cocha-turismo/locations/us-central1/operations/operation-1776100316566-64f5a94745543-95484af8-8a9b140d {"name":"projects/cocha-turismo/locations/us-central1/operations/operation-1776100316566-64f5a94745543-95484af8-8a9b140d","metadata":{"@type":"type.googleapis.com/google.cloud.functions.v2.OperationMetadata","createTime":"2026-04-13T17:11:58.285488447Z","target":"projects/cocha-turismo/locations/us-central1/functions/createUser","verb":"create","cancelRequested":false,"apiVersion":"v2","requestResource":{"@type":"type.googleapis.com/google.cloud.functions.v2.Function","name":"projects/cocha-turismo/locations/us-central1/functions/createUser","buildConfig":{"runtime":"nodejs20","entryPoint":"createUser","source":{"storageSource":{"bucket":"gcf-v2-sources-814334659870-us-central1","object":"createUser/function-source.zip","generation":"1776100317916832"}},"environmentVariables":{"GOOGLE_NODE_RUN_SCRIPTS":""},"serviceAccount":"projects/cocha-turismo/serviceAccounts/814334659870-compute@developer.gserviceaccount.com","automaticUpdatePolicy":{}},"serviceConfig":{"service":"projects/cocha-turismo/locations/us-central1/services/createuser","timeoutSeconds":60,"environmentVariables":{"FIREBASE_CONFIG":"{\"projectId\":\"cocha-turismo\",\"storageBucket\":\"cocha-turismo.appspot.com\",\"locationId\":\"us-central\"}","GCLOUD_PROJECT":"cocha-turismo","EVENTARC_CLOUD_EVENT_SOURCE":"projects/cocha-turismo/locations/us-central1/services/createUser","FUNCTION_TARGET":"createUser","LOG_EXECUTION_ID":"true"},"ingressSettings":"ALLOW_ALL","serviceAccountEmail":"814334659870-compute@developer.gserviceaccount.com","availableMemory":"256Mi","maxInstanceRequestConcurrency":80,"availableCpu":"1"},"labels":{"deployment-tool":"cli-firebase","deployment-callable":"true","firebase-functions-hash":"a7d96060cd8f1ee9f16f0da8ce1ef33d0847c70a"},"environment":"GEN_2"},"stages":[{"name":"BUILD","state":"NOT_STARTED","stateMessages":[{"severity":"WARNING","type":"BuildAnalysisWarning","message":"Node.js 20 is no longer supported by the Node.js community as of 30 April, 2026. Node.js 20 will be deprecated on 2026-04-30. We recommend you to upgrade to the latest version of Node.js as soon as possible."}]},{"name":"SERVICE","state":"NOT_STARTED"}],"operationType":"CREATE_FUNCTION"},"done":false}
[debug] [2026-04-13T17:12:11.337Z] [create-default-us-central1-createUser] Retrying task index 0
[debug] [2026-04-13T17:12:11.338Z] >>> [apiv2][query] GET https://cloudfunctions.googleapis.com/v2/projects/cocha-turismo/locations/us-central1/operations/operation-1776100316566-64f5a94745543-95484af8-8a9b140d [none]
[debug] [2026-04-13T17:12:12.296Z] <<< [apiv2][status] GET https://cloudfunctions.googleapis.com/v2/projects/cocha-turismo/locations/us-central1/operations/operation-1776100316566-64f5a94745543-95484af8-8a9b140d 200
[debug] [2026-04-13T17:12:12.296Z] <<< [apiv2][body] GET https://cloudfunctions.googleapis.com/v2/projects/cocha-turismo/locations/us-central1/operations/operation-1776100316566-64f5a94745543-95484af8-8a9b140d {"name":"projects/cocha-turismo/locations/us-central1/operations/operation-1776100316566-64f5a94745543-95484af8-8a9b140d","metadata":{"@type":"type.googleapis.com/google.cloud.functions.v2.OperationMetadata","createTime":"2026-04-13T17:11:58.285488447Z","target":"projects/cocha-turismo/locations/us-central1/functions/createUser","verb":"create","cancelRequested":false,"apiVersion":"v2","requestResource":{"@type":"type.googleapis.com/google.cloud.functions.v2.Function","name":"projects/cocha-turismo/locations/us-central1/functions/createUser","buildConfig":{"runtime":"nodejs20","entryPoint":"createUser","source":{"storageSource":{"bucket":"gcf-v2-sources-814334659870-us-central1","object":"createUser/function-source.zip","generation":"1776100317916832"}},"environmentVariables":{"GOOGLE_NODE_RUN_SCRIPTS":""},"serviceAccount":"projects/cocha-turismo/serviceAccounts/814334659870-compute@developer.gserviceaccount.com","automaticUpdatePolicy":{}},"serviceConfig":{"service":"projects/cocha-turismo/locations/us-central1/services/createuser","timeoutSeconds":60,"environmentVariables":{"FIREBASE_CONFIG":"{\"projectId\":\"cocha-turismo\",\"storageBucket\":\"cocha-turismo.appspot.com\",\"locationId\":\"us-central\"}","GCLOUD_PROJECT":"cocha-turismo","EVENTARC_CLOUD_EVENT_SOURCE":"projects/cocha-turismo/locations/us-central1/services/createUser","FUNCTION_TARGET":"createUser","LOG_EXECUTION_ID":"true"},"ingressSettings":"ALLOW_ALL","serviceAccountEmail":"814334659870-compute@developer.gserviceaccount.com","availableMemory":"256Mi","maxInstanceRequestConcurrency":80,"availableCpu":"1"},"labels":{"deployment-tool":"cli-firebase","deployment-callable":"true","firebase-functions-hash":"a7d96060cd8f1ee9f16f0da8ce1ef33d0847c70a"},"environment":"GEN_2"},"stages":[{"name":"BUILD","state":"NOT_STARTED","stateMessages":[{"severity":"WARNING","type":"BuildAnalysisWarning","message":"Node.js 20 is no longer supported by the Node.js community as of 30 April, 2026. Node.js 20 will be deprecated on 2026-04-30. We recommend you to upgrade to the latest version of Node.js as soon as possible."}]},{"name":"SERVICE","state":"NOT_STARTED"}],"operationType":"CREATE_FUNCTION"},"done":false}
[debug] [2026-04-13T17:12:20.308Z] [create-default-us-central1-createUser] Retrying task index 0
[debug] [2026-04-13T17:12:20.308Z] >>> [apiv2][query] GET https://cloudfunctions.googleapis.com/v2/projects/cocha-turismo/locations/us-central1/operations/operation-1776100316566-64f5a94745543-95484af8-8a9b140d [none]
[debug] [2026-04-13T17:12:21.330Z] <<< [apiv2][status] GET https://cloudfunctions.googleapis.com/v2/projects/cocha-turismo/locations/us-central1/operations/operation-1776100316566-64f5a94745543-95484af8-8a9b140d 200
[debug] [2026-04-13T17:12:21.330Z] <<< [apiv2][body] GET https://cloudfunctions.googleapis.com/v2/projects/cocha-turismo/locations/us-central1/operations/operation-1776100316566-64f5a94745543-95484af8-8a9b140d {"name":"projects/cocha-turismo/locations/us-central1/operations/operation-1776100316566-64f5a94745543-95484af8-8a9b140d","metadata":{"@type":"type.googleapis.com/google.cloud.functions.v2.OperationMetadata","createTime":"2026-04-13T17:11:58.285488447Z","target":"projects/cocha-turismo/locations/us-central1/functions/createUser","verb":"create","cancelRequested":false,"apiVersion":"v2","requestResource":{"@type":"type.googleapis.com/google.cloud.functions.v2.Function","name":"projects/cocha-turismo/locations/us-central1/functions/createUser","buildConfig":{"runtime":"nodejs20","entryPoint":"createUser","source":{"storageSource":{"bucket":"gcf-v2-sources-814334659870-us-central1","object":"createUser/function-source.zip","generation":"1776100317916832"}},"environmentVariables":{"GOOGLE_NODE_RUN_SCRIPTS":""},"serviceAccount":"projects/cocha-turismo/serviceAccounts/814334659870-compute@developer.gserviceaccount.com","automaticUpdatePolicy":{}},"serviceConfig":{"service":"projects/cocha-turismo/locations/us-central1/services/createuser","timeoutSeconds":60,"environmentVariables":{"FIREBASE_CONFIG":"{\"projectId\":\"cocha-turismo\",\"storageBucket\":\"cocha-turismo.appspot.com\",\"locationId\":\"us-central\"}","GCLOUD_PROJECT":"cocha-turismo","EVENTARC_CLOUD_EVENT_SOURCE":"projects/cocha-turismo/locations/us-central1/services/createUser","FUNCTION_TARGET":"createUser","LOG_EXECUTION_ID":"true"},"ingressSettings":"ALLOW_ALL","serviceAccountEmail":"814334659870-compute@developer.gserviceaccount.com","availableMemory":"256Mi","maxInstanceRequestConcurrency":80,"availableCpu":"1"},"labels":{"deployment-tool":"cli-firebase","deployment-callable":"true","firebase-functions-hash":"a7d96060cd8f1ee9f16f0da8ce1ef33d0847c70a"},"environment":"GEN_2"},"stages":[{"name":"BUILD","state":"NOT_STARTED","stateMessages":[{"severity":"WARNING","type":"BuildAnalysisWarning","message":"Node.js 20 is no longer supported by the Node.js community as of 30 April, 2026. Node.js 20 will be deprecated on 2026-04-30. We recommend you to upgrade to the latest version of Node.js as soon as possible."}]},{"name":"SERVICE","state":"NOT_STARTED"}],"operationType":"CREATE_FUNCTION"},"done":false}
[debug] [2026-04-13T17:12:31.343Z] [create-default-us-central1-createUser] Retrying task index 0
[debug] [2026-04-13T17:12:31.344Z] >>> [apiv2][query] GET https://cloudfunctions.googleapis.com/v2/projects/cocha-turismo/locations/us-central1/operations/operation-1776100316566-64f5a94745543-95484af8-8a9b140d [none]
[debug] [2026-04-13T17:12:32.365Z] <<< [apiv2][status] GET https://cloudfunctions.googleapis.com/v2/projects/cocha-turismo/locations/us-central1/operations/operation-1776100316566-64f5a94745543-95484af8-8a9b140d 200
[debug] [2026-04-13T17:12:32.365Z] <<< [apiv2][body] GET https://cloudfunctions.googleapis.com/v2/projects/cocha-turismo/locations/us-central1/operations/operation-1776100316566-64f5a94745543-95484af8-8a9b140d {"name":"projects/cocha-turismo/locations/us-central1/operations/operation-1776100316566-64f5a94745543-95484af8-8a9b140d","metadata":{"@type":"type.googleapis.com/google.cloud.functions.v2.OperationMetadata","createTime":"2026-04-13T17:11:58.285488447Z","target":"projects/cocha-turismo/locations/us-central1/functions/createUser","verb":"create","cancelRequested":false,"apiVersion":"v2","requestResource":{"@type":"type.googleapis.com/google.cloud.functions.v2.Function","name":"projects/cocha-turismo/locations/us-central1/functions/createUser","buildConfig":{"runtime":"nodejs20","entryPoint":"createUser","source":{"storageSource":{"bucket":"gcf-v2-sources-814334659870-us-central1","object":"createUser/function-source.zip","generation":"1776100317916832"}},"environmentVariables":{"GOOGLE_NODE_RUN_SCRIPTS":""},"serviceAccount":"projects/cocha-turismo/serviceAccounts/814334659870-compute@developer.gserviceaccount.com","automaticUpdatePolicy":{}},"serviceConfig":{"service":"projects/cocha-turismo/locations/us-central1/services/createuser","timeoutSeconds":60,"environmentVariables":{"FIREBASE_CONFIG":"{\"projectId\":\"cocha-turismo\",\"storageBucket\":\"cocha-turismo.appspot.com\",\"locationId\":\"us-central\"}","GCLOUD_PROJECT":"cocha-turismo","EVENTARC_CLOUD_EVENT_SOURCE":"projects/cocha-turismo/locations/us-central1/services/createUser","FUNCTION_TARGET":"createUser","LOG_EXECUTION_ID":"true"},"ingressSettings":"ALLOW_ALL","serviceAccountEmail":"814334659870-compute@developer.gserviceaccount.com","availableMemory":"256Mi","maxInstanceRequestConcurrency":80,"availableCpu":"1"},"labels":{"deployment-tool":"cli-firebase","deployment-callable":"true","firebase-functions-hash":"a7d96060cd8f1ee9f16f0da8ce1ef33d0847c70a"},"environment":"GEN_2"},"stages":[{"name":"BUILD","state":"NOT_STARTED","stateMessages":[{"severity":"WARNING","type":"BuildAnalysisWarning","message":"Node.js 20 is no longer supported by the Node.js community as of 30 April, 2026. Node.js 20 will be deprecated on 2026-04-30. We recommend you to upgrade to the latest version of Node.js as soon as possible."}]},{"name":"SERVICE","state":"NOT_STARTED"}],"operationType":"CREATE_FUNCTION"},"done":false}
[debug] [2026-04-13T17:12:42.369Z] [create-default-us-central1-createUser] Retrying task index 0
[debug] [2026-04-13T17:12:42.369Z] >>> [apiv2][query] GET https://cloudfunctions.googleapis.com/v2/projects/cocha-turismo/locations/us-central1/operations/operation-1776100316566-64f5a94745543-95484af8-8a9b140d [none]
[debug] [2026-04-13T17:12:43.424Z] <<< [apiv2][status] GET https://cloudfunctions.googleapis.com/v2/projects/cocha-turismo/locations/us-central1/operations/operation-1776100316566-64f5a94745543-95484af8-8a9b140d 200
[debug] [2026-04-13T17:12:43.424Z] <<< [apiv2][body] GET https://cloudfunctions.googleapis.com/v2/projects/cocha-turismo/locations/us-central1/operations/operation-1776100316566-64f5a94745543-95484af8-8a9b140d {"name":"projects/cocha-turismo/locations/us-central1/operations/operation-1776100316566-64f5a94745543-95484af8-8a9b140d","metadata":{"@type":"type.googleapis.com/google.cloud.functions.v2.OperationMetadata","createTime":"2026-04-13T17:11:58.285488447Z","target":"projects/cocha-turismo/locations/us-central1/functions/createUser","verb":"create","cancelRequested":false,"apiVersion":"v2","requestResource":{"@type":"type.googleapis.com/google.cloud.functions.v2.Function","name":"projects/cocha-turismo/locations/us-central1/functions/createUser","buildConfig":{"runtime":"nodejs20","entryPoint":"createUser","source":{"storageSource":{"bucket":"gcf-v2-sources-814334659870-us-central1","object":"createUser/function-source.zip","generation":"1776100317916832"}},"environmentVariables":{"GOOGLE_NODE_RUN_SCRIPTS":""},"serviceAccount":"projects/cocha-turismo/serviceAccounts/814334659870-compute@developer.gserviceaccount.com","automaticUpdatePolicy":{}},"serviceConfig":{"service":"projects/cocha-turismo/locations/us-central1/services/createuser","timeoutSeconds":60,"environmentVariables":{"FIREBASE_CONFIG":"{\"projectId\":\"cocha-turismo\",\"storageBucket\":\"cocha-turismo.appspot.com\",\"locationId\":\"us-central\"}","GCLOUD_PROJECT":"cocha-turismo","EVENTARC_CLOUD_EVENT_SOURCE":"projects/cocha-turismo/locations/us-central1/services/createUser","FUNCTION_TARGET":"createUser","LOG_EXECUTION_ID":"true"},"ingressSettings":"ALLOW_ALL","serviceAccountEmail":"814334659870-compute@developer.gserviceaccount.com","availableMemory":"256Mi","maxInstanceRequestConcurrency":80,"availableCpu":"1"},"labels":{"deployment-tool":"cli-firebase","deployment-callable":"true","firebase-functions-hash":"a7d96060cd8f1ee9f16f0da8ce1ef33d0847c70a"},"environment":"GEN_2"},"stages":[{"name":"BUILD","state":"NOT_STARTED","stateMessages":[{"severity":"WARNING","type":"BuildAnalysisWarning","message":"Node.js 20 is no longer supported by the Node.js community as of 30 April, 2026. Node.js 20 will be deprecated on 2026-04-30. We recommend you to upgrade to the latest version of Node.js as soon as possible."}]},{"name":"SERVICE","state":"NOT_STARTED"}],"operationType":"CREATE_FUNCTION"},"done":false}
[debug] [2026-04-13T17:12:53.435Z] [create-default-us-central1-createUser] Retrying task index 0
[debug] [2026-04-13T17:12:53.435Z] >>> [apiv2][query] GET https://cloudfunctions.googleapis.com/v2/projects/cocha-turismo/locations/us-central1/operations/operation-1776100316566-64f5a94745543-95484af8-8a9b140d [none]
[debug] [2026-04-13T17:12:54.468Z] <<< [apiv2][status] GET https://cloudfunctions.googleapis.com/v2/projects/cocha-turismo/locations/us-central1/operations/operation-1776100316566-64f5a94745543-95484af8-8a9b140d 200
[debug] [2026-04-13T17:12:54.468Z] <<< [apiv2][body] GET https://cloudfunctions.googleapis.com/v2/projects/cocha-turismo/locations/us-central1/operations/operation-1776100316566-64f5a94745543-95484af8-8a9b140d {"name":"projects/cocha-turismo/locations/us-central1/operations/operation-1776100316566-64f5a94745543-95484af8-8a9b140d","metadata":{"@type":"type.googleapis.com/google.cloud.functions.v2.OperationMetadata","createTime":"2026-04-13T17:11:58.285488447Z","target":"projects/cocha-turismo/locations/us-central1/functions/createUser","verb":"create","cancelRequested":false,"apiVersion":"v2","requestResource":{"@type":"type.googleapis.com/google.cloud.functions.v2.Function","name":"projects/cocha-turismo/locations/us-central1/functions/createUser","buildConfig":{"runtime":"nodejs20","entryPoint":"createUser","source":{"storageSource":{"bucket":"gcf-v2-sources-814334659870-us-central1","object":"createUser/function-source.zip","generation":"1776100317916832"}},"environmentVariables":{"GOOGLE_NODE_RUN_SCRIPTS":""},"serviceAccount":"projects/cocha-turismo/serviceAccounts/814334659870-compute@developer.gserviceaccount.com","automaticUpdatePolicy":{}},"serviceConfig":{"service":"projects/cocha-turismo/locations/us-central1/services/createuser","timeoutSeconds":60,"environmentVariables":{"FIREBASE_CONFIG":"{\"projectId\":\"cocha-turismo\",\"storageBucket\":\"cocha-turismo.appspot.com\",\"locationId\":\"us-central\"}","GCLOUD_PROJECT":"cocha-turismo","EVENTARC_CLOUD_EVENT_SOURCE":"projects/cocha-turismo/locations/us-central1/services/createUser","FUNCTION_TARGET":"createUser","LOG_EXECUTION_ID":"true"},"ingressSettings":"ALLOW_ALL","serviceAccountEmail":"814334659870-compute@developer.gserviceaccount.com","availableMemory":"256Mi","maxInstanceRequestConcurrency":80,"availableCpu":"1"},"labels":{"deployment-tool":"cli-firebase","deployment-callable":"true","firebase-functions-hash":"a7d96060cd8f1ee9f16f0da8ce1ef33d0847c70a"},"environment":"GEN_2"},"stages":[{"name":"BUILD","state":"NOT_STARTED","stateMessages":[{"severity":"WARNING","type":"BuildAnalysisWarning","message":"Node.js 20 is no longer supported by the Node.js community as of 30 April, 2026. Node.js 20 will be deprecated on 2026-04-30. We recommend you to upgrade to the latest version of Node.js as soon as possible."}]},{"name":"SERVICE","state":"NOT_STARTED"}],"operationType":"CREATE_FUNCTION"},"done":false}
[debug] [2026-04-13T17:13:04.473Z] [create-default-us-central1-createUser] Retrying task index 0
[debug] [2026-04-13T17:13:04.473Z] >>> [apiv2][query] GET https://cloudfunctions.googleapis.com/v2/projects/cocha-turismo/locations/us-central1/operations/operation-1776100316566-64f5a94745543-95484af8-8a9b140d [none]
[debug] [2026-04-13T17:13:05.527Z] <<< [apiv2][status] GET https://cloudfunctions.googleapis.com/v2/projects/cocha-turismo/locations/us-central1/operations/operation-1776100316566-64f5a94745543-95484af8-8a9b140d 200
[debug] [2026-04-13T17:13:05.527Z] <<< [apiv2][body] GET https://cloudfunctions.googleapis.com/v2/projects/cocha-turismo/locations/us-central1/operations/operation-1776100316566-64f5a94745543-95484af8-8a9b140d {"name":"projects/cocha-turismo/locations/us-central1/operations/operation-1776100316566-64f5a94745543-95484af8-8a9b140d","metadata":{"@type":"type.googleapis.com/google.cloud.functions.v2.OperationMetadata","createTime":"2026-04-13T17:11:58.285488447Z","target":"projects/cocha-turismo/locations/us-central1/functions/createUser","verb":"create","cancelRequested":false,"apiVersion":"v2","requestResource":{"@type":"type.googleapis.com/google.cloud.functions.v2.Function","name":"projects/cocha-turismo/locations/us-central1/functions/createUser","buildConfig":{"runtime":"nodejs20","entryPoint":"createUser","source":{"storageSource":{"bucket":"gcf-v2-sources-814334659870-us-central1","object":"createUser/function-source.zip","generation":"1776100317916832"}},"environmentVariables":{"GOOGLE_NODE_RUN_SCRIPTS":""},"serviceAccount":"projects/cocha-turismo/serviceAccounts/814334659870-compute@developer.gserviceaccount.com","automaticUpdatePolicy":{}},"serviceConfig":{"service":"projects/cocha-turismo/locations/us-central1/services/createuser","timeoutSeconds":60,"environmentVariables":{"FIREBASE_CONFIG":"{\"projectId\":\"cocha-turismo\",\"storageBucket\":\"cocha-turismo.appspot.com\",\"locationId\":\"us-central\"}","GCLOUD_PROJECT":"cocha-turismo","EVENTARC_CLOUD_EVENT_SOURCE":"projects/cocha-turismo/locations/us-central1/services/createUser","FUNCTION_TARGET":"createUser","LOG_EXECUTION_ID":"true"},"ingressSettings":"ALLOW_ALL","serviceAccountEmail":"814334659870-compute@developer.gserviceaccount.com","availableMemory":"256Mi","maxInstanceRequestConcurrency":80,"availableCpu":"1"},"labels":{"deployment-tool":"cli-firebase","deployment-callable":"true","firebase-functions-hash":"a7d96060cd8f1ee9f16f0da8ce1ef33d0847c70a"},"environment":"GEN_2"},"stages":[{"name":"BUILD","message":"Build in progress","state":"IN_PROGRESS","resource":"projects/814334659870/locations/us-central1/builds/4a90a77e-6e84-4917-a2ce-36abd49edddc","resourceUri":"https://console.cloud.google.com/cloud-build/builds;region=us-central1/4a90a77e-6e84-4917-a2ce-36abd49edddc?project=814334659870"},{"name":"SERVICE","state":"NOT_STARTED"}],"operationType":"CREATE_FUNCTION","buildName":"projects/814334659870/locations/us-central1/builds/4a90a77e-6e84-4917-a2ce-36abd49edddc"},"done":false}
[debug] [2026-04-13T17:13:15.532Z] [create-default-us-central1-createUser] Retrying task index 0
[debug] [2026-04-13T17:13:15.532Z] >>> [apiv2][query] GET https://cloudfunctions.googleapis.com/v2/projects/cocha-turismo/locations/us-central1/operations/operation-1776100316566-64f5a94745543-95484af8-8a9b140d [none]
[debug] [2026-04-13T17:13:16.577Z] <<< [apiv2][status] GET https://cloudfunctions.googleapis.com/v2/projects/cocha-turismo/locations/us-central1/operations/operation-1776100316566-64f5a94745543-95484af8-8a9b140d 200
[debug] [2026-04-13T17:13:16.577Z] <<< [apiv2][body] GET https://cloudfunctions.googleapis.com/v2/projects/cocha-turismo/locations/us-central1/operations/operation-1776100316566-64f5a94745543-95484af8-8a9b140d {"name":"projects/cocha-turismo/locations/us-central1/operations/operation-1776100316566-64f5a94745543-95484af8-8a9b140d","metadata":{"@type":"type.googleapis.com/google.cloud.functions.v2.OperationMetadata","createTime":"2026-04-13T17:11:58.285488447Z","target":"projects/cocha-turismo/locations/us-central1/functions/createUser","verb":"create","cancelRequested":false,"apiVersion":"v2","requestResource":{"@type":"type.googleapis.com/google.cloud.functions.v2.Function","name":"projects/cocha-turismo/locations/us-central1/functions/createUser","buildConfig":{"runtime":"nodejs20","entryPoint":"createUser","source":{"storageSource":{"bucket":"gcf-v2-sources-814334659870-us-central1","object":"createUser/function-source.zip","generation":"1776100317916832"}},"environmentVariables":{"GOOGLE_NODE_RUN_SCRIPTS":""},"serviceAccount":"projects/cocha-turismo/serviceAccounts/814334659870-compute@developer.gserviceaccount.com","automaticUpdatePolicy":{}},"serviceConfig":{"service":"projects/cocha-turismo/locations/us-central1/services/createuser","timeoutSeconds":60,"environmentVariables":{"FIREBASE_CONFIG":"{\"projectId\":\"cocha-turismo\",\"storageBucket\":\"cocha-turismo.appspot.com\",\"locationId\":\"us-central\"}","GCLOUD_PROJECT":"cocha-turismo","EVENTARC_CLOUD_EVENT_SOURCE":"projects/cocha-turismo/locations/us-central1/services/createUser","FUNCTION_TARGET":"createUser","LOG_EXECUTION_ID":"true"},"ingressSettings":"ALLOW_ALL","serviceAccountEmail":"814334659870-compute@developer.gserviceaccount.com","availableMemory":"256Mi","maxInstanceRequestConcurrency":80,"availableCpu":"1"},"labels":{"deployment-tool":"cli-firebase","deployment-callable":"true","firebase-functions-hash":"a7d96060cd8f1ee9f16f0da8ce1ef33d0847c70a"},"environment":"GEN_2"},"stages":[{"name":"BUILD","message":"Build in progress","state":"IN_PROGRESS","resource":"projects/814334659870/locations/us-central1/builds/4a90a77e-6e84-4917-a2ce-36abd49edddc","resourceUri":"https://console.cloud.google.com/cloud-build/builds;region=us-central1/4a90a77e-6e84-4917-a2ce-36abd49edddc?project=814334659870"},{"name":"SERVICE","state":"NOT_STARTED"}],"operationType":"CREATE_FUNCTION","buildName":"projects/814334659870/locations/us-central1/builds/4a90a77e-6e84-4917-a2ce-36abd49edddc"},"done":false}
[debug] [2026-04-13T17:13:26.580Z] [create-default-us-central1-createUser] Retrying task index 0
[debug] [2026-04-13T17:13:26.581Z] >>> [apiv2][query] GET https://cloudfunctions.googleapis.com/v2/projects/cocha-turismo/locations/us-central1/operations/operation-1776100316566-64f5a94745543-95484af8-8a9b140d [none]
[debug] [2026-04-13T17:13:27.559Z] <<< [apiv2][status] GET https://cloudfunctions.googleapis.com/v2/projects/cocha-turismo/locations/us-central1/operations/operation-1776100316566-64f5a94745543-95484af8-8a9b140d 200
[debug] [2026-04-13T17:13:27.559Z] <<< [apiv2][body] GET https://cloudfunctions.googleapis.com/v2/projects/cocha-turismo/locations/us-central1/operations/operation-1776100316566-64f5a94745543-95484af8-8a9b140d {"name":"projects/cocha-turismo/locations/us-central1/operations/operation-1776100316566-64f5a94745543-95484af8-8a9b140d","metadata":{"@type":"type.googleapis.com/google.cloud.functions.v2.OperationMetadata","createTime":"2026-04-13T17:11:58.285488447Z","target":"projects/cocha-turismo/locations/us-central1/functions/createUser","verb":"create","cancelRequested":false,"apiVersion":"v2","requestResource":{"@type":"type.googleapis.com/google.cloud.functions.v2.Function","name":"projects/cocha-turismo/locations/us-central1/functions/createUser","buildConfig":{"runtime":"nodejs20","entryPoint":"createUser","source":{"storageSource":{"bucket":"gcf-v2-sources-814334659870-us-central1","object":"createUser/function-source.zip","generation":"1776100317916832"}},"environmentVariables":{"GOOGLE_NODE_RUN_SCRIPTS":""},"serviceAccount":"projects/cocha-turismo/serviceAccounts/814334659870-compute@developer.gserviceaccount.com","automaticUpdatePolicy":{}},"serviceConfig":{"service":"projects/cocha-turismo/locations/us-central1/services/createuser","timeoutSeconds":60,"environmentVariables":{"FIREBASE_CONFIG":"{\"projectId\":\"cocha-turismo\",\"storageBucket\":\"cocha-turismo.appspot.com\",\"locationId\":\"us-central\"}","GCLOUD_PROJECT":"cocha-turismo","EVENTARC_CLOUD_EVENT_SOURCE":"projects/cocha-turismo/locations/us-central1/services/createUser","FUNCTION_TARGET":"createUser","LOG_EXECUTION_ID":"true"},"ingressSettings":"ALLOW_ALL","serviceAccountEmail":"814334659870-compute@developer.gserviceaccount.com","availableMemory":"256Mi","maxInstanceRequestConcurrency":80,"availableCpu":"1"},"labels":{"deployment-tool":"cli-firebase","deployment-callable":"true","firebase-functions-hash":"a7d96060cd8f1ee9f16f0da8ce1ef33d0847c70a"},"environment":"GEN_2"},"stages":[{"name":"BUILD","message":"Build in progress","state":"IN_PROGRESS","resource":"projects/814334659870/locations/us-central1/builds/4a90a77e-6e84-4917-a2ce-36abd49edddc","resourceUri":"https://console.cloud.google.com/cloud-build/builds;region=us-central1/4a90a77e-6e84-4917-a2ce-36abd49edddc?project=814334659870"},{"name":"SERVICE","state":"NOT_STARTED"}],"operationType":"CREATE_FUNCTION","buildName":"projects/814334659870/locations/us-central1/builds/4a90a77e-6e84-4917-a2ce-36abd49edddc"},"done":false}
[debug] [2026-04-13T17:13:37.566Z] [create-default-us-central1-createUser] Retrying task index 0
[debug] [2026-04-13T17:13:37.566Z] >>> [apiv2][query] GET https://cloudfunctions.googleapis.com/v2/projects/cocha-turismo/locations/us-central1/operations/operation-1776100316566-64f5a94745543-95484af8-8a9b140d [none]
[debug] [2026-04-13T17:13:38.567Z] <<< [apiv2][status] GET https://cloudfunctions.googleapis.com/v2/projects/cocha-turismo/locations/us-central1/operations/operation-1776100316566-64f5a94745543-95484af8-8a9b140d 200
[debug] [2026-04-13T17:13:38.567Z] <<< [apiv2][body] GET https://cloudfunctions.googleapis.com/v2/projects/cocha-turismo/locations/us-central1/operations/operation-1776100316566-64f5a94745543-95484af8-8a9b140d {"name":"projects/cocha-turismo/locations/us-central1/operations/operation-1776100316566-64f5a94745543-95484af8-8a9b140d","metadata":{"@type":"type.googleapis.com/google.cloud.functions.v2.OperationMetadata","createTime":"2026-04-13T17:11:58.285488447Z","target":"projects/cocha-turismo/locations/us-central1/functions/createUser","verb":"create","cancelRequested":false,"apiVersion":"v2","requestResource":{"@type":"type.googleapis.com/google.cloud.functions.v2.Function","name":"projects/cocha-turismo/locations/us-central1/functions/createUser","buildConfig":{"runtime":"nodejs20","entryPoint":"createUser","source":{"storageSource":{"bucket":"gcf-v2-sources-814334659870-us-central1","object":"createUser/function-source.zip","generation":"1776100317916832"}},"environmentVariables":{"GOOGLE_NODE_RUN_SCRIPTS":""},"serviceAccount":"projects/cocha-turismo/serviceAccounts/814334659870-compute@developer.gserviceaccount.com","automaticUpdatePolicy":{}},"serviceConfig":{"service":"projects/cocha-turismo/locations/us-central1/services/createuser","timeoutSeconds":60,"environmentVariables":{"FIREBASE_CONFIG":"{\"projectId\":\"cocha-turismo\",\"storageBucket\":\"cocha-turismo.appspot.com\",\"locationId\":\"us-central\"}","GCLOUD_PROJECT":"cocha-turismo","EVENTARC_CLOUD_EVENT_SOURCE":"projects/cocha-turismo/locations/us-central1/services/createUser","FUNCTION_TARGET":"createUser","LOG_EXECUTION_ID":"true"},"ingressSettings":"ALLOW_ALL","serviceAccountEmail":"814334659870-compute@developer.gserviceaccount.com","availableMemory":"256Mi","maxInstanceRequestConcurrency":80,"availableCpu":"1"},"labels":{"deployment-tool":"cli-firebase","deployment-callable":"true","firebase-functions-hash":"a7d96060cd8f1ee9f16f0da8ce1ef33d0847c70a"},"environment":"GEN_2"},"stages":[{"name":"BUILD","message":"Build in progress","state":"IN_PROGRESS","resource":"projects/814334659870/locations/us-central1/builds/4a90a77e-6e84-4917-a2ce-36abd49edddc","resourceUri":"https://console.cloud.google.com/cloud-build/builds;region=us-central1/4a90a77e-6e84-4917-a2ce-36abd49edddc?project=814334659870"},{"name":"SERVICE","state":"NOT_STARTED"}],"operationType":"CREATE_FUNCTION","buildName":"projects/814334659870/locations/us-central1/builds/4a90a77e-6e84-4917-a2ce-36abd49edddc"},"done":false}
[debug] [2026-04-13T17:13:48.570Z] [create-default-us-central1-createUser] Retrying task index 0
[debug] [2026-04-13T17:13:48.570Z] >>> [apiv2][query] GET https://cloudfunctions.googleapis.com/v2/projects/cocha-turismo/locations/us-central1/operations/operation-1776100316566-64f5a94745543-95484af8-8a9b140d [none]
[debug] [2026-04-13T17:13:49.598Z] <<< [apiv2][status] GET https://cloudfunctions.googleapis.com/v2/projects/cocha-turismo/locations/us-central1/operations/operation-1776100316566-64f5a94745543-95484af8-8a9b140d 200
[debug] [2026-04-13T17:13:49.598Z] <<< [apiv2][body] GET https://cloudfunctions.googleapis.com/v2/projects/cocha-turismo/locations/us-central1/operations/operation-1776100316566-64f5a94745543-95484af8-8a9b140d {"name":"projects/cocha-turismo/locations/us-central1/operations/operation-1776100316566-64f5a94745543-95484af8-8a9b140d","metadata":{"@type":"type.googleapis.com/google.cloud.functions.v2.OperationMetadata","createTime":"2026-04-13T17:11:58.285488447Z","endTime":"2026-04-13T17:13:43.846931170Z","target":"projects/cocha-turismo/locations/us-central1/functions/createUser","verb":"create","cancelRequested":false,"apiVersion":"v2","requestResource":{"@type":"type.googleapis.com/google.cloud.functions.v2.Function","name":"projects/cocha-turismo/locations/us-central1/functions/createUser","buildConfig":{"runtime":"nodejs20","entryPoint":"createUser","source":{"storageSource":{"bucket":"gcf-v2-sources-814334659870-us-central1","object":"createUser/function-source.zip","generation":"1776100317916832"}},"environmentVariables":{"GOOGLE_NODE_RUN_SCRIPTS":""},"serviceAccount":"projects/cocha-turismo/serviceAccounts/814334659870-compute@developer.gserviceaccount.com","automaticUpdatePolicy":{}},"serviceConfig":{"service":"projects/cocha-turismo/locations/us-central1/services/createuser","timeoutSeconds":60,"environmentVariables":{"FIREBASE_CONFIG":"{\"projectId\":\"cocha-turismo\",\"storageBucket\":\"cocha-turismo.appspot.com\",\"locationId\":\"us-central\"}","GCLOUD_PROJECT":"cocha-turismo","EVENTARC_CLOUD_EVENT_SOURCE":"projects/cocha-turismo/locations/us-central1/services/createUser","FUNCTION_TARGET":"createUser","LOG_EXECUTION_ID":"true"},"ingressSettings":"ALLOW_ALL","serviceAccountEmail":"814334659870-compute@developer.gserviceaccount.com","availableMemory":"256Mi","maxInstanceRequestConcurrency":80,"availableCpu":"1"},"labels":{"deployment-tool":"cli-firebase","deployment-callable":"true","firebase-functions-hash":"a7d96060cd8f1ee9f16f0da8ce1ef33d0847c70a"},"environment":"GEN_2"},"stages":[{"name":"ARTIFACT_REGISTRY","message":"Deleting function artifacts in Artifact Registry","state":"COMPLETE"},{"name":"SERVICE","message":"Deleting Cloud Run service","state":"COMPLETE","resource":"projects/cocha-turismo/locations/us-central1/services/createuser"}],"operationType":"CREATE_FUNCTION"},"done":true,"error":{"code":3,"message":"Build failed with status: FAILURE and message: npm error code EUSAGE\nnpm error\nnpm error `npm ci` can only install packages when your package.json and package-lock.json or npm-shrinkwrap.json are in sync. Please update your lock file with `npm install` before continuing.\nnpm error\nnpm error Invalid: lock file's firebase-admin@11.11.1 does not satisfy firebase-admin@12.7.0\nnpm error Invalid: lock file's firebase-functions@4.9.0 does not satisfy firebase-functions@5.1.1\nnpm error Invalid: lock file's @fastify/busboy@1.2.1 does not satisfy @fastify/busboy@3.2.0\nnpm error Invalid: lock file's @firebase/database-compat@0.3.4 does not satisfy @firebase/database-compat@1.0.8\nnpm error Invalid: lock file's @firebase/database-types@0.10.4 does not satisfy @firebase/database-types@1.0.5\nnpm error Invalid: lock file's @google-cloud/firestore@6.8.0 does not satisfy @google-cloud/firestore@7.11.6\nnpm error Invalid: lock file's @google-cloud/storage@6.12.0 does not satisfy @google-cloud/storage@7.19.0\nnpm error Missing: @types/node@22.19.17 from lock file\nnpm error Missing: farmhash-modern@1.1.0 from lock file\nnpm error Invalid: lock file's uuid@9.0.1 does not satisfy uuid@10.0.0\nnpm error Invalid: lock file's @firebase/component@0.6.4 does not satisfy @firebase/component@0.6.9\nnpm error Invalid: lock file's @firebase/database@0.14.4 does not satisfy @firebase/database@1.0.8\nnpm error Invalid: lock file's @firebase/logger@0.4.0 does not satisfy @firebase/logger@0.4.2\nnpm error Invalid: lock file's @firebase/util@1.9.3 does not satisfy @firebase/util@1.10.0\nnpm error Missing: @firebase/app-check-interop-types@0.3.2 from lock file\nnpm error Invalid: lock file's @firebase/auth-interop-types@0.2.1 does not satisfy @firebase/auth-interop-types@0.2.3\nnpm error Invalid: lock file's @firebase/app-types@0.9.0 does not satisfy @firebase/app-types@0.9.2\nnpm error Missing: @opentelemetry/api@1.9.1 from lock file\nnpm error Invalid: lock file's google-gax@3.6.1 does not satisfy google-gax@4.6.1\nnpm error Invalid: lock file's @google-cloud/paginator@3.0.7 does not satisfy @google-cloud/paginator@5.0.2\nnpm error Invalid: lock file's @google-cloud/projectify@3.0.0 does not satisfy @google-cloud/projectify@4.0.0\nnpm error Invalid: lock file's @google-cloud/promisify@3.0.1 does not satisfy @google-cloud/promisify@4.0.0\nnpm error Invalid: lock file's fast-xml-parser@4.5.6 does not satisfy fast-xml-parser@5.5.12\nnpm error Invalid: lock file's gaxios@5.1.3 does not satisfy gaxios@6.7.1\nnpm error Invalid: lock file's google-auth-library@8.9.0 does not satisfy google-auth-library@9.15.1\nnpm error Missing: html-entities@2.6.0 from lock file\nnpm error Invalid: lock file's retry-request@5.0.2 does not satisfy retry-request@7.0.2\nnpm error Invalid: lock file's teeny-request@8.0.3 does not satisfy teeny-request@9.0.0\nnpm error Missing: fast-xml-builder@1.1.4 from lock file\nnpm error Missing: path-expression-matcher@1.5.0 from lock file\nnpm error Invalid: lock file's strnum@1.1.2 does not satisfy strnum@2.2.3\nnpm error Invalid: lock file's https-proxy-agent@5.0.1 does not satisfy https-proxy-agent@7.0.6\nnpm error Missing: uuid@9.0.1 from lock file\nnpm error Invalid: lock file's gcp-metadata@5.3.0 does not satisfy gcp-metadata@6.1.1\nnpm error Invalid: lock file's gtoken@6.1.2 does not satisfy gtoken@7.1.0\nnpm error Missing: google-logging-utils@0.0.2 from lock file\nnpm error Invalid: lock file's @grpc/grpc-js@1.8.22 does not satisfy @grpc/grpc-js@1.14.3\nnpm error Invalid: lock file's proto3-json-serializer@1.1.1 does not satisfy proto3-json-serializer@2.0.2\nnpm error Missing: uuid@9.0.1 from lock file\nnpm error Missing: @grpc/proto-loader@0.8.0 from lock file\nnpm error Missing: @js-sdsl/ordered-map@4.4.2 from lock file\nnpm error Invalid: lock file's agent-base@6.0.2 does not satisfy agent-base@7.1.4\nnpm error Missing: @types/request@2.48.13 from lock file\nnpm error Missing: @types/caseless@0.12.5 from lock file\nnpm error Missing: @types/tough-cookie@4.0.5 from lock file\nnpm error Missing: form-data@2.5.5 from lock file\nnpm error Missing: asynckit@0.4.0 from lock file\nnpm error Missing: combined-stream@1.0.8 from lock file\nnpm error Missing: delayed-stream@1.0.0 from lock file\nnpm error Missing: https-proxy-agent@5.0.1 from lock file\nnpm error Missing: uuid@9.0.1 from lock file\nnpm error Missing: agent-base@6.0.2 from lock file\nnpm error Missing: undici-types@6.21.0 from lock file\nnpm error Missing: agent-base@6.0.2 from lock file\nnpm error\nnpm error Clean install a project\nnpm error\nnpm error Usage:\nnpm error npm ci\nnpm error\nnpm error Options:\nnpm error [--install-strategy <hoisted|nested|shallow|linked>] [--legacy-bundling]\nnpm error [--global-style] [--omit <dev|optional|peer> [--omit <dev|optional|peer> ...]]\nnpm error [--include <prod|dev|optional|peer> [--include <prod|dev|optional|peer> ...]]\nnpm error [--strict-peer-deps] [--foreground-scripts] [--ignore-scripts] [--no-audit]\nnpm error [--no-bin-links] [--no-fund] [--dry-run]\nnpm error [-w|--workspace <workspace-name> [-w|--workspace <workspace-name> ...]]\nnpm error [-ws|--workspaces] [--include-workspace-root] [--install-links]\nnpm error\nnpm error aliases: clean-install, ic, install-clean, isntall-clean\nnpm error\nnpm error Run \"npm help ci\" for more info\nnpm error A complete log of this run can be found in: /www-data-home/.npm/_logs/2026-04-13T17_13_08_464Z-debug-0.log. For more details see the logs at https://console.cloud.google.com/cloud-build/builds;region=us-central1/4a90a77e-6e84-4917-a2ce-36abd49edddc?project=814334659870."}}
[debug] [2026-04-13T17:13:49.598Z] Got source token undefined for region us-central1
[error] Build failed with status: FAILURE and message: npm error code EUSAGE
npm error
npm error `npm ci` can only install packages when your package.json and package-lock.json or npm-shrinkwrap.json are in sync. Please update your lock file with `npm install` before continuing.
npm error
npm error Invalid: lock file's firebase-admin@11.11.1 does not satisfy firebase-admin@12.7.0
npm error Invalid: lock file's firebase-functions@4.9.0 does not satisfy firebase-functions@5.1.1
npm error Invalid: lock file's @fastify/busboy@1.2.1 does not satisfy @fastify/busboy@3.2.0
npm error Invalid: lock file's @firebase/database-compat@0.3.4 does not satisfy @firebase/database-compat@1.0.8
npm error Invalid: lock file's @firebase/database-types@0.10.4 does not satisfy @firebase/database-types@1.0.5
npm error Invalid: lock file's @google-cloud/firestore@6.8.0 does not satisfy @google-cloud/firestore@7.11.6
npm error Invalid: lock file's @google-cloud/storage@6.12.0 does not satisfy @google-cloud/storage@7.19.0
npm error Missing: @types/node@22.19.17 from lock file
npm error Missing: farmhash-modern@1.1.0 from lock file
npm error Invalid: lock file's uuid@9.0.1 does not satisfy uuid@10.0.0
npm error Invalid: lock file's @firebase/component@0.6.4 does not satisfy @firebase/component@0.6.9
npm error Invalid: lock file's @firebase/database@0.14.4 does not satisfy @firebase/database@1.0.8
npm error Invalid: lock file's @firebase/logger@0.4.0 does not satisfy @firebase/logger@0.4.2
npm error Invalid: lock file's @firebase/util@1.9.3 does not satisfy @firebase/util@1.10.0
npm error Missing: @firebase/app-check-interop-types@0.3.2 from lock file
npm error Invalid: lock file's @firebase/auth-interop-types@0.2.1 does not satisfy @firebase/auth-interop-types@0.2.3
npm error Invalid: lock file's @firebase/app-types@0.9.0 does not satisfy @firebase/app-types@0.9.2
npm error Missing: @opentelemetry/api@1.9.1 from lock file
npm error Invalid: lock file's google-gax@3.6.1 does not satisfy google-gax@4.6.1
npm error Invalid: lock file's @google-cloud/paginator@3.0.7 does not satisfy @google-cloud/paginator@5.0.2
npm error Invalid: lock file's @google-cloud/projectify@3.0.0 does not satisfy @google-cloud/projectify@4.0.0
npm error Invalid: lock file's @google-cloud/promisify@3.0.1 does not satisfy @google-cloud/promisify@4.0.0
npm error Invalid: lock file's fast-xml-parser@4.5.6 does not satisfy fast-xml-parser@5.5.12
npm error Invalid: lock file's gaxios@5.1.3 does not satisfy gaxios@6.7.1
npm error Invalid: lock file's google-auth-library@8.9.0 does not satisfy google-auth-library@9.15.1
npm error Missing: html-entities@2.6.0 from lock file
npm error Invalid: lock file's retry-request@5.0.2 does not satisfy retry-request@7.0.2
npm error Invalid: lock file's teeny-request@8.0.3 does not satisfy teeny-request@9.0.0
npm error Missing: fast-xml-builder@1.1.4 from lock file
npm error Missing: path-expression-matcher@1.5.0 from lock file
npm error Invalid: lock file's strnum@1.1.2 does not satisfy strnum@2.2.3
npm error Invalid: lock file's https-proxy-agent@5.0.1 does not satisfy https-proxy-agent@7.0.6
npm error Missing: uuid@9.0.1 from lock file
npm error Invalid: lock file's gcp-metadata@5.3.0 does not satisfy gcp-metadata@6.1.1
npm error Invalid: lock file's gtoken@6.1.2 does not satisfy gtoken@7.1.0
npm error Missing: google-logging-utils@0.0.2 from lock file
npm error Invalid: lock file's @grpc/grpc-js@1.8.22 does not satisfy @grpc/grpc-js@1.14.3
npm error Invalid: lock file's proto3-json-serializer@1.1.1 does not satisfy proto3-json-serializer@2.0.2
npm error Missing: uuid@9.0.1 from lock file
npm error Missing: @grpc/proto-loader@0.8.0 from lock file
npm error Missing: @js-sdsl/ordered-map@4.4.2 from lock file
npm error Invalid: lock file's agent-base@6.0.2 does not satisfy agent-base@7.1.4
npm error Missing: @types/request@2.48.13 from lock file
npm error Missing: @types/caseless@0.12.5 from lock file
npm error Missing: @types/tough-cookie@4.0.5 from lock file
npm error Missing: form-data@2.5.5 from lock file
npm error Missing: asynckit@0.4.0 from lock file
npm error Missing: combined-stream@1.0.8 from lock file
npm error Missing: delayed-stream@1.0.0 from lock file
npm error Missing: https-proxy-agent@5.0.1 from lock file
npm error Missing: uuid@9.0.1 from lock file
npm error Missing: agent-base@6.0.2 from lock file
npm error Missing: undici-types@6.21.0 from lock file
npm error Missing: agent-base@6.0.2 from lock file
npm error
npm error Clean install a project
npm error
npm error Usage:
npm error npm ci
npm error
npm error Options:
npm error [--install-strategy <hoisted|nested|shallow|linked>] [--legacy-bundling]
npm error [--global-style] [--omit <dev|optional|peer> [--omit <dev|optional|peer> ...]]
npm error [--include <prod|dev|optional|peer> [--include <prod|dev|optional|peer> ...]]
npm error [--strict-peer-deps] [--foreground-scripts] [--ignore-scripts] [--no-audit]
npm error [--no-bin-links] [--no-fund] [--dry-run]
npm error [-w|--workspace <workspace-name> [-w|--workspace <workspace-name> ...]]
npm error [-ws|--workspaces] [--include-workspace-root] [--install-links]
npm error
npm error aliases: clean-install, ic, install-clean, isntall-clean
npm error
npm error Run "npm help ci" for more info
npm error A complete log of this run can be found in: /www-data-home/.npm/_logs/2026-04-13T17_13_08_464Z-debug-0.log. For more details see the logs at https://console.cloud.google.com/cloud-build/builds;region=us-central1/4a90a77e-6e84-4917-a2ce-36abd49edddc?project=814334659870.
[debug] [2026-04-13T17:13:49.603Z] Total Function Deployment time: 111531
[debug] [2026-04-13T17:13:49.604Z] 1 Functions Deployed
[debug] [2026-04-13T17:13:49.604Z] 1 Functions Errored
[debug] [2026-04-13T17:13:49.604Z] 0 Function Deployments Aborted
[debug] [2026-04-13T17:13:49.604Z] Average Function Deployment time: 111531
[info] 
[info] Functions deploy had errors with the following functions:
	createUser(us-central1)
[info] i  functions: cleaning up build files... 
[debug] [2026-04-13T17:13:49.738Z] >>> [apiv2][query] DELETE https://artifactregistry.googleapis.com/v1beta2/projects/cocha-turismo/locations/us-central1/repositories/gcf-artifacts/packages/create_user [none]
[debug] [2026-04-13T17:13:49.739Z] >>> [apiv2][query] GET https://us.gcr.io/v2/cocha-turismo/gcf/us-central1/tags/list [none]
[debug] [2026-04-13T17:13:50.869Z] <<< [apiv2][status] DELETE https://artifactregistry.googleapis.com/v1beta2/projects/cocha-turismo/locations/us-central1/repositories/gcf-artifacts/packages/create_user 404
[debug] [2026-04-13T17:13:50.869Z] <<< [apiv2][body] DELETE https://artifactregistry.googleapis.com/v1beta2/projects/cocha-turismo/locations/us-central1/repositories/gcf-artifacts/packages/create_user {"error":{"code":404,"message":"Package \"projects/cocha-turismo/locations/us-central1/repositories/gcf-artifacts/packages/create_user\" was not found.","status":"NOT_FOUND"}}
[debug] [2026-04-13T17:13:51.125Z] <<< [apiv2][status] GET https://us.gcr.io/v2/cocha-turismo/gcf/us-central1/tags/list 404
[debug] [2026-04-13T17:13:51.125Z] <<< [apiv2][body] GET https://us.gcr.io/v2/cocha-turismo/gcf/us-central1/tags/list {"errors":[{"code":"NAME_UNKNOWN","message":"Repository \"us.gcr.io\" not found"}]}
[debug] [2026-04-13T17:13:51.125Z] Failed docker command with error  HTTP Error: 404, Not Found {"name":"FirebaseError","children":[],"context":{"body":{"errors":[{"code":"NAME_UNKNOWN","message":"Repository \"us.gcr.io\" not found"}],"error":{"message":"Not Found"}},"response":{"statusCode":404}},"exit":1,"message":"HTTP Error: 404, Not Found","status":404}
[debug] [2026-04-13T17:13:51.128Z] >>> [apiv2][query] GET https://us.gcr.io/v2/cocha-turismo/gcf/us-central1/tags/list [none]
[debug] [2026-04-13T17:13:51.466Z] <<< [apiv2][status] GET https://us.gcr.io/v2/cocha-turismo/gcf/us-central1/tags/list 404
[debug] [2026-04-13T17:13:51.466Z] <<< [apiv2][body] GET https://us.gcr.io/v2/cocha-turismo/gcf/us-central1/tags/list {"errors":[{"code":"NAME_UNKNOWN","message":"Repository \"us.gcr.io\" not found"}]}
[debug] [2026-04-13T17:13:51.466Z] Failed docker command with error  HTTP Error: 404, Not Found {"name":"FirebaseError","children":[],"context":{"body":{"errors":[{"code":"NAME_UNKNOWN","message":"Repository \"us.gcr.io\" not found"}],"error":{"message":"Not Found"}},"response":{"statusCode":404}},"exit":1,"message":"HTTP Error: 404, Not Found","status":404}
[debug] [2026-04-13T17:13:51.582Z] >>> [apiv2][query] GET https://us.gcr.io/v2/cocha-turismo/gcf/us-central1/tags/list [none]
[debug] [2026-04-13T17:13:52.302Z] <<< [apiv2][status] GET https://us.gcr.io/v2/cocha-turismo/gcf/us-central1/tags/list 404
[debug] [2026-04-13T17:13:52.303Z] <<< [apiv2][body] GET https://us.gcr.io/v2/cocha-turismo/gcf/us-central1/tags/list {"errors":[{"code":"NAME_UNKNOWN","message":"Repository \"us.gcr.io\" not found"}]}
[debug] [2026-04-13T17:13:52.303Z] Failed docker command with error  HTTP Error: 404, Not Found {"name":"FirebaseError","children":[],"context":{"body":{"errors":[{"code":"NAME_UNKNOWN","message":"Repository \"us.gcr.io\" not found"}],"error":{"message":"Not Found"}},"response":{"statusCode":404}},"exit":1,"message":"HTTP Error: 404, Not Found","status":404}
[warn] !  functions: Unhandled error cleaning up build images. This could result in a small monthly bill if not corrected. You can attempt to delete these images by redeploying or you can delete them manually at https://console.cloud.google.com/gcr/images/cocha-turismo/us/gcf 
[debug] [2026-04-13T17:13:52.304Z] Functions deploy failed.
[debug] [2026-04-13T17:13:52.304Z] {
  "endpoint": {
    "id": "createUser",
    "project": "cocha-turismo",
    "region": "us-central1",
    "entryPoint": "createUser",
    "platform": "gcfv2",
    "runtime": "nodejs20",
    "callableTrigger": {},
    "labels": {
      "deployment-tool": "cli-firebase"
    },
    "ingressSettings": null,
    "availableMemoryMb": null,
    "serviceAccount": null,
    "timeoutSeconds": null,
    "maxInstances": null,
    "minInstances": null,
    "concurrency": 80,
    "vpc": null,
    "environmentVariables": {
      "FIREBASE_CONFIG": "{\"projectId\":\"cocha-turismo\",\"storageBucket\":\"cocha-turismo.appspot.com\",\"locationId\":\"us-central\"}",
      "GCLOUD_PROJECT": "cocha-turismo",
      "EVENTARC_CLOUD_EVENT_SOURCE": "projects/cocha-turismo/locations/us-central1/services/createUser"
    },
    "codebase": "default",
    "cpu": 1,
    "targetedByOnly": false,
    "hash": "a7d96060cd8f1ee9f16f0da8ce1ef33d0847c70a"
  },
  "op": "create",
  "original": {
    "name": "FirebaseError",
    "children": [],
    "exit": 1,
    "message": "Build failed with status: FAILURE and message: npm error code EUSAGE\nnpm error\nnpm error `npm ci` can only install packages when your package.json and package-lock.json or npm-shrinkwrap.json are in sync. Please update your lock file with `npm install` before continuing.\nnpm error\nnpm error Invalid: lock file's firebase-admin@11.11.1 does not satisfy firebase-admin@12.7.0\nnpm error Invalid: lock file's firebase-functions@4.9.0 does not satisfy firebase-functions@5.1.1\nnpm error Invalid: lock file's @fastify/busboy@1.2.1 does not satisfy @fastify/busboy@3.2.0\nnpm error Invalid: lock file's @firebase/database-compat@0.3.4 does not satisfy @firebase/database-compat@1.0.8\nnpm error Invalid: lock file's @firebase/database-types@0.10.4 does not satisfy @firebase/database-types@1.0.5\nnpm error Invalid: lock file's @google-cloud/firestore@6.8.0 does not satisfy @google-cloud/firestore@7.11.6\nnpm error Invalid: lock file's @google-cloud/storage@6.12.0 does not satisfy @google-cloud/storage@7.19.0\nnpm error Missing: @types/node@22.19.17 from lock file\nnpm error Missing: farmhash-modern@1.1.0 from lock file\nnpm error Invalid: lock file's uuid@9.0.1 does not satisfy uuid@10.0.0\nnpm error Invalid: lock file's @firebase/component@0.6.4 does not satisfy @firebase/component@0.6.9\nnpm error Invalid: lock file's @firebase/database@0.14.4 does not satisfy @firebase/database@1.0.8\nnpm error Invalid: lock file's @firebase/logger@0.4.0 does not satisfy @firebase/logger@0.4.2\nnpm error Invalid: lock file's @firebase/util@1.9.3 does not satisfy @firebase/util@1.10.0\nnpm error Missing: @firebase/app-check-interop-types@0.3.2 from lock file\nnpm error Invalid: lock file's @firebase/auth-interop-types@0.2.1 does not satisfy @firebase/auth-interop-types@0.2.3\nnpm error Invalid: lock file's @firebase/app-types@0.9.0 does not satisfy @firebase/app-types@0.9.2\nnpm error Missing: @opentelemetry/api@1.9.1 from lock file\nnpm error Invalid: lock file's google-gax@3.6.1 does not satisfy google-gax@4.6.1\nnpm error Invalid: lock file's @google-cloud/paginator@3.0.7 does not satisfy @google-cloud/paginator@5.0.2\nnpm error Invalid: lock file's @google-cloud/projectify@3.0.0 does not satisfy @google-cloud/projectify@4.0.0\nnpm error Invalid: lock file's @google-cloud/promisify@3.0.1 does not satisfy @google-cloud/promisify@4.0.0\nnpm error Invalid: lock file's fast-xml-parser@4.5.6 does not satisfy fast-xml-parser@5.5.12\nnpm error Invalid: lock file's gaxios@5.1.3 does not satisfy gaxios@6.7.1\nnpm error Invalid: lock file's google-auth-library@8.9.0 does not satisfy google-auth-library@9.15.1\nnpm error Missing: html-entities@2.6.0 from lock file\nnpm error Invalid: lock file's retry-request@5.0.2 does not satisfy retry-request@7.0.2\nnpm error Invalid: lock file's teeny-request@8.0.3 does not satisfy teeny-request@9.0.0\nnpm error Missing: fast-xml-builder@1.1.4 from lock file\nnpm error Missing: path-expression-matcher@1.5.0 from lock file\nnpm error Invalid: lock file's strnum@1.1.2 does not satisfy strnum@2.2.3\nnpm error Invalid: lock file's https-proxy-agent@5.0.1 does not satisfy https-proxy-agent@7.0.6\nnpm error Missing: uuid@9.0.1 from lock file\nnpm error Invalid: lock file's gcp-metadata@5.3.0 does not satisfy gcp-metadata@6.1.1\nnpm error Invalid: lock file's gtoken@6.1.2 does not satisfy gtoken@7.1.0\nnpm error Missing: google-logging-utils@0.0.2 from lock file\nnpm error Invalid: lock file's @grpc/grpc-js@1.8.22 does not satisfy @grpc/grpc-js@1.14.3\nnpm error Invalid: lock file's proto3-json-serializer@1.1.1 does not satisfy proto3-json-serializer@2.0.2\nnpm error Missing: uuid@9.0.1 from lock file\nnpm error Missing: @grpc/proto-loader@0.8.0 from lock file\nnpm error Missing: @js-sdsl/ordered-map@4.4.2 from lock file\nnpm error Invalid: lock file's agent-base@6.0.2 does not satisfy agent-base@7.1.4\nnpm error Missing: @types/request@2.48.13 from lock file\nnpm error Missing: @types/caseless@0.12.5 from lock file\nnpm error Missing: @types/tough-cookie@4.0.5 from lock file\nnpm error Missing: form-data@2.5.5 from lock file\nnpm error Missing: asynckit@0.4.0 from lock file\nnpm error Missing: combined-stream@1.0.8 from lock file\nnpm error Missing: delayed-stream@1.0.0 from lock file\nnpm error Missing: https-proxy-agent@5.0.1 from lock file\nnpm error Missing: uuid@9.0.1 from lock file\nnpm error Missing: agent-base@6.0.2 from lock file\nnpm error Missing: undici-types@6.21.0 from lock file\nnpm error Missing: agent-base@6.0.2 from lock file\nnpm error\nnpm error Clean install a project\nnpm error\nnpm error Usage:\nnpm error npm ci\nnpm error\nnpm error Options:\nnpm error [--install-strategy <hoisted|nested|shallow|linked>] [--legacy-bundling]\nnpm error [--global-style] [--omit <dev|optional|peer> [--omit <dev|optional|peer> ...]]\nnpm error [--include <prod|dev|optional|peer> [--include <prod|dev|optional|peer> ...]]\nnpm error [--strict-peer-deps] [--foreground-scripts] [--ignore-scripts] [--no-audit]\nnpm error [--no-bin-links] [--no-fund] [--dry-run]\nnpm error [-w|--workspace <workspace-name> [-w|--workspace <workspace-name> ...]]\nnpm error [-ws|--workspaces] [--include-workspace-root] [--install-links]\nnpm error\nnpm error aliases: clean-install, ic, install-clean, isntall-clean\nnpm error\nnpm error Run \"npm help ci\" for more info\nnpm error A complete log of this run can be found in: /www-data-home/.npm/_logs/2026-04-13T17_13_08_464Z-debug-0.log. For more details see the logs at https://console.cloud.google.com/cloud-build/builds;region=us-central1/4a90a77e-6e84-4917-a2ce-36abd49edddc?project=814334659870.",
    "status": 3,
    "code": 3
  }
}
[debug] [2026-04-13T17:13:52.345Z] Error: Failed to create function createUser in region us-central1
    at C:\Users\OSCAR\AppData\Roaming\npm\node_modules\firebase-tools\lib\deploy\functions\release\fabricator.js:291:27
    at process.processTicksAndRejections (node:internal/process/task_queues:104:5)
    at async Fabricator.createV2Function (C:\Users\OSCAR\AppData\Roaming\npm\node_modules\firebase-tools\lib\deploy\functions\release\fabricator.js:277:30)
    at async Fabricator.createEndpoint (C:\Users\OSCAR\AppData\Roaming\npm\node_modules\firebase-tools\lib\deploy\functions\release\fabricator.js:136:13)
    at async handle (C:\Users\OSCAR\AppData\Roaming\npm\node_modules\firebase-tools\lib\deploy\functions\release\fabricator.js:88:17)
[error] 
[error] Error: There was an error deploying functions
[debug] [2026-04-13T17:23:53.231Z] ----------------------------------------------------------------------
[debug] [2026-04-13T17:23:53.233Z] Command:       C:\Program Files\nodejs\node.exe C:\Users\OSCAR\AppData\Roaming\npm\node_modules\firebase-tools\lib\bin\firebase.js deploy --only functions
[debug] [2026-04-13T17:23:53.233Z] CLI Version:   13.4.1
[debug] [2026-04-13T17:23:53.233Z] Platform:      win32
[debug] [2026-04-13T17:23:53.233Z] Node Version:  v24.14.1
[debug] [2026-04-13T17:23:53.233Z] Time:          Mon Apr 13 2026 13:23:53 GMT-0400 (hora de Bolivia)
[debug] [2026-04-13T17:23:53.233Z] ----------------------------------------------------------------------
[debug] 
[debug] [2026-04-13T17:23:53.282Z] > command requires scopes: ["email","openid","https://www.googleapis.com/auth/cloudplatformprojects.readonly","https://www.googleapis.com/auth/firebase","https://www.googleapis.com/auth/cloud-platform"]
[debug] [2026-04-13T17:23:53.282Z] > authorizing via signed-in user (turismo.cocha.oficial@gmail.com)
[debug] [2026-04-13T17:23:53.282Z] [iam] checking project cocha-turismo for permissions ["cloudfunctions.functions.create","cloudfunctions.functions.delete","cloudfunctions.functions.get","cloudfunctions.functions.list","cloudfunctions.functions.update","cloudfunctions.operations.get","firebase.projects.get"]
[debug] [2026-04-13T17:23:53.284Z] >>> [apiv2][query] POST https://cloudresourcemanager.googleapis.com/v1/projects/cocha-turismo:testIamPermissions [none]
[debug] [2026-04-13T17:23:53.284Z] >>> [apiv2][(partial)header] POST https://cloudresourcemanager.googleapis.com/v1/projects/cocha-turismo:testIamPermissions x-goog-quota-user=projects/cocha-turismo
[debug] [2026-04-13T17:23:53.284Z] >>> [apiv2][body] POST https://cloudresourcemanager.googleapis.com/v1/projects/cocha-turismo:testIamPermissions {"permissions":["cloudfunctions.functions.create","cloudfunctions.functions.delete","cloudfunctions.functions.get","cloudfunctions.functions.list","cloudfunctions.functions.update","cloudfunctions.operations.get","firebase.projects.get"]}
[debug] [2026-04-13T17:23:54.524Z] <<< [apiv2][status] POST https://cloudresourcemanager.googleapis.com/v1/projects/cocha-turismo:testIamPermissions 200
[debug] [2026-04-13T17:23:54.525Z] <<< [apiv2][body] POST https://cloudresourcemanager.googleapis.com/v1/projects/cocha-turismo:testIamPermissions {"permissions":["cloudfunctions.functions.create","cloudfunctions.functions.delete","cloudfunctions.functions.get","cloudfunctions.functions.list","cloudfunctions.functions.update","cloudfunctions.operations.get","firebase.projects.get"]}
[debug] [2026-04-13T17:23:54.525Z] >>> [apiv2][query] POST https://iam.googleapis.com/v1/projects/cocha-turismo/serviceAccounts/cocha-turismo@appspot.gserviceaccount.com:testIamPermissions [none]
[debug] [2026-04-13T17:23:54.525Z] >>> [apiv2][body] POST https://iam.googleapis.com/v1/projects/cocha-turismo/serviceAccounts/cocha-turismo@appspot.gserviceaccount.com:testIamPermissions {"permissions":["iam.serviceAccounts.actAs"]}
[debug] [2026-04-13T17:23:55.567Z] <<< [apiv2][status] POST https://iam.googleapis.com/v1/projects/cocha-turismo/serviceAccounts/cocha-turismo@appspot.gserviceaccount.com:testIamPermissions 200
[debug] [2026-04-13T17:23:55.567Z] <<< [apiv2][body] POST https://iam.googleapis.com/v1/projects/cocha-turismo/serviceAccounts/cocha-turismo@appspot.gserviceaccount.com:testIamPermissions {"permissions":["iam.serviceAccounts.actAs"]}
[info] 
[info] === Deploying to 'cocha-turismo'...
[info] 
[info] i  deploying functions 
[info] Running command: npm --prefix "functions" run build
[info] +  functions: Finished running predeploy script. 
[debug] [2026-04-13T17:23:57.922Z] >>> [apiv2][query] GET https://firebase.googleapis.com/v1beta1/projects/cocha-turismo [none]
[debug] [2026-04-13T17:23:58.324Z] <<< [apiv2][status] GET https://firebase.googleapis.com/v1beta1/projects/cocha-turismo 200
[debug] [2026-04-13T17:23:58.324Z] <<< [apiv2][body] GET https://firebase.googleapis.com/v1beta1/projects/cocha-turismo {"projectId":"cocha-turismo","projectNumber":"814334659870","displayName":"Cocha Turismo","name":"projects/cocha-turismo","resources":{"hostingSite":"cocha-turismo","locationId":"us-central"},"state":"ACTIVE","etag":"1_9edb3a55-c03a-448a-9bf5-dcd1e273e152"}
[info] i  functions: preparing codebase default for deployment 
[info] i  functions: ensuring required API cloudfunctions.googleapis.com is enabled... 
[info] i  functions: ensuring required API cloudbuild.googleapis.com is enabled... 
[info] i  artifactregistry: ensuring required API artifactregistry.googleapis.com is enabled... 
[debug] [2026-04-13T17:23:58.327Z] >>> [apiv2][query] GET https://serviceusage.googleapis.com/v1/projects/cocha-turismo/services/cloudfunctions.googleapis.com [none]
[debug] [2026-04-13T17:23:58.327Z] >>> [apiv2][(partial)header] GET https://serviceusage.googleapis.com/v1/projects/cocha-turismo/services/cloudfunctions.googleapis.com x-goog-quota-user=projects/cocha-turismo
[debug] [2026-04-13T17:23:58.328Z] >>> [apiv2][query] GET https://serviceusage.googleapis.com/v1/projects/cocha-turismo/services/runtimeconfig.googleapis.com [none]
[debug] [2026-04-13T17:23:58.329Z] >>> [apiv2][(partial)header] GET https://serviceusage.googleapis.com/v1/projects/cocha-turismo/services/runtimeconfig.googleapis.com x-goog-quota-user=projects/cocha-turismo
[debug] [2026-04-13T17:23:58.330Z] >>> [apiv2][query] GET https://serviceusage.googleapis.com/v1/projects/cocha-turismo/services/cloudbuild.googleapis.com [none]
[debug] [2026-04-13T17:23:58.330Z] >>> [apiv2][(partial)header] GET https://serviceusage.googleapis.com/v1/projects/cocha-turismo/services/cloudbuild.googleapis.com x-goog-quota-user=projects/cocha-turismo
[debug] [2026-04-13T17:23:58.331Z] >>> [apiv2][query] GET https://serviceusage.googleapis.com/v1/projects/cocha-turismo/services/artifactregistry.googleapis.com [none]
[debug] [2026-04-13T17:23:58.331Z] >>> [apiv2][(partial)header] GET https://serviceusage.googleapis.com/v1/projects/cocha-turismo/services/artifactregistry.googleapis.com x-goog-quota-user=projects/cocha-turismo
[debug] [2026-04-13T17:23:59.388Z] <<< [apiv2][status] GET https://serviceusage.googleapis.com/v1/projects/cocha-turismo/services/runtimeconfig.googleapis.com 200
[debug] [2026-04-13T17:23:59.388Z] <<< [apiv2][body] GET https://serviceusage.googleapis.com/v1/projects/cocha-turismo/services/runtimeconfig.googleapis.com [omitted]
[debug] [2026-04-13T17:23:59.637Z] <<< [apiv2][status] GET https://serviceusage.googleapis.com/v1/projects/cocha-turismo/services/artifactregistry.googleapis.com 200
[debug] [2026-04-13T17:23:59.637Z] <<< [apiv2][body] GET https://serviceusage.googleapis.com/v1/projects/cocha-turismo/services/artifactregistry.googleapis.com [omitted]
[info] +  artifactregistry: required API artifactregistry.googleapis.com is enabled 
[debug] [2026-04-13T17:23:59.650Z] <<< [apiv2][status] GET https://serviceusage.googleapis.com/v1/projects/cocha-turismo/services/cloudfunctions.googleapis.com 200
[debug] [2026-04-13T17:23:59.650Z] <<< [apiv2][body] GET https://serviceusage.googleapis.com/v1/projects/cocha-turismo/services/cloudfunctions.googleapis.com [omitted]
[info] +  functions: required API cloudfunctions.googleapis.com is enabled 
[debug] [2026-04-13T17:24:00.000Z] <<< [apiv2][status] GET https://serviceusage.googleapis.com/v1/projects/cocha-turismo/services/cloudbuild.googleapis.com 200
[debug] [2026-04-13T17:24:00.000Z] <<< [apiv2][body] GET https://serviceusage.googleapis.com/v1/projects/cocha-turismo/services/cloudbuild.googleapis.com [omitted]
[info] +  functions: required API cloudbuild.googleapis.com is enabled 
[debug] [2026-04-13T17:24:00.001Z] >>> [apiv2][query] GET https://firebase.googleapis.com/v1beta1/projects/cocha-turismo/adminSdkConfig [none]
[debug] [2026-04-13T17:24:00.545Z] <<< [apiv2][status] GET https://firebase.googleapis.com/v1beta1/projects/cocha-turismo/adminSdkConfig 200
[debug] [2026-04-13T17:24:00.545Z] <<< [apiv2][body] GET https://firebase.googleapis.com/v1beta1/projects/cocha-turismo/adminSdkConfig {"projectId":"cocha-turismo","storageBucket":"cocha-turismo.appspot.com","locationId":"us-central"}
[debug] [2026-04-13T17:24:00.546Z] >>> [apiv2][query] GET https://runtimeconfig.googleapis.com/v1beta1/projects/cocha-turismo/configs [none]
[debug] [2026-04-13T17:24:01.698Z] <<< [apiv2][status] GET https://runtimeconfig.googleapis.com/v1beta1/projects/cocha-turismo/configs 200
[debug] [2026-04-13T17:24:01.698Z] <<< [apiv2][body] GET https://runtimeconfig.googleapis.com/v1beta1/projects/cocha-turismo/configs {}
[debug] [2026-04-13T17:24:01.702Z] Validating nodejs source
[warn] !  functions: package.json indicates an outdated version of firebase-functions. Please upgrade using npm install --save firebase-functions@latest in your functions directory. 
[warn] !  functions: Please note that there will be breaking changes when you upgrade. 
[debug] [2026-04-13T17:24:02.781Z] > [functions] package.json contents: {
  "name": "functions",
  "scripts": {
    "lint": "eslint --ext .js,.ts .",
    "build": "tsc",
    "build:watch": "tsc --watch",
    "serve": "npm run build && firebase emulators:start --only functions",
    "shell": "npm run build && firebase functions:shell",
    "start": "npm run shell",
    "deploy": "firebase deploy --only functions",
    "logs": "firebase functions:log"
  },
  "engines": {
    "node": "20"
  },
  "main": "lib/index.js",
  "dependencies": {
    "firebase-admin": "^12.0.0",
    "firebase-functions": "^5.0.0"
  },
  "devDependencies": {
    "@typescript-eslint/eslint-plugin": "^5.12.0",
    "@typescript-eslint/parser": "^5.12.0",
    "eslint": "^8.9.0",
    "eslint-config-google": "^0.14.0",
    "eslint-plugin-import": "^2.25.4",
    "firebase-functions-test": "^3.1.0",
    "typescript": "^4.9.0"
  },
  "private": true
}
[debug] [2026-04-13T17:24:02.781Z] Building nodejs source
[info] i  functions: Loading and analyzing source code for codebase default to determine what to deploy 
[debug] [2026-04-13T17:24:02.783Z] Could not find functions.yaml. Must use http discovery
[debug] [2026-04-13T17:24:02.794Z] Found firebase-functions binary at 'C:\Users\OSCAR\Desktop\Proyectos\Personales\CityHub\Visita Cocha\administrador\functions\node_modules\.bin\firebase-functions'
[info] Serving at port 8109

[debug] [2026-04-13T17:24:03.193Z] Got response from /__/functions.yaml {"endpoints":{"createUser":{"availableMemoryMb":null,"timeoutSeconds":null,"minInstances":null,"maxInstances":null,"ingressSettings":null,"concurrency":null,"serviceAccountEmail":null,"vpc":null,"platform":"gcfv2","labels":{},"callableTrigger":{},"entryPoint":"createUser"}},"specVersion":"v1alpha1","requiredAPIs":[]}
[info] i  functions: preparing functions directory for uploading... 
[info] i  functions: packaged C:\Users\OSCAR\Desktop\Proyectos\Personales\CityHub\Visita Cocha\administrador\functions (100.86 KB) for uploading 
[debug] [2026-04-13T17:24:07.284Z] >>> [apiv2][query] GET https://cloudfunctions.googleapis.com/v1/projects/cocha-turismo/locations/-/functions [none]
[debug] [2026-04-13T17:24:08.350Z] <<< [apiv2][status] GET https://cloudfunctions.googleapis.com/v1/projects/cocha-turismo/locations/-/functions 200
[debug] [2026-04-13T17:24:08.350Z] <<< [apiv2][body] GET https://cloudfunctions.googleapis.com/v1/projects/cocha-turismo/locations/-/functions {}
[debug] [2026-04-13T17:24:08.351Z] >>> [apiv2][query] GET https://cloudfunctions.googleapis.com/v2/projects/cocha-turismo/locations/-/functions filter=environment%3D%22GEN_2%22
[debug] [2026-04-13T17:24:09.815Z] <<< [apiv2][status] GET https://cloudfunctions.googleapis.com/v2/projects/cocha-turismo/locations/-/functions 200
[debug] [2026-04-13T17:24:09.816Z] <<< [apiv2][body] GET https://cloudfunctions.googleapis.com/v2/projects/cocha-turismo/locations/-/functions {}
[info] i  functions: ensuring required API run.googleapis.com is enabled... 
[info] i  functions: ensuring required API eventarc.googleapis.com is enabled... 
[info] i  functions: ensuring required API pubsub.googleapis.com is enabled... 
[info] i  functions: ensuring required API storage.googleapis.com is enabled... 
[debug] [2026-04-13T17:24:09.822Z] >>> [apiv2][query] GET https://serviceusage.googleapis.com/v1/projects/cocha-turismo/services/run.googleapis.com [none]
[debug] [2026-04-13T17:24:09.822Z] >>> [apiv2][(partial)header] GET https://serviceusage.googleapis.com/v1/projects/cocha-turismo/services/run.googleapis.com x-goog-quota-user=projects/cocha-turismo
[debug] [2026-04-13T17:24:09.824Z] >>> [apiv2][query] GET https://serviceusage.googleapis.com/v1/projects/cocha-turismo/services/eventarc.googleapis.com [none]
[debug] [2026-04-13T17:24:09.824Z] >>> [apiv2][(partial)header] GET https://serviceusage.googleapis.com/v1/projects/cocha-turismo/services/eventarc.googleapis.com x-goog-quota-user=projects/cocha-turismo
[debug] [2026-04-13T17:24:09.825Z] >>> [apiv2][query] GET https://serviceusage.googleapis.com/v1/projects/cocha-turismo/services/pubsub.googleapis.com [none]
[debug] [2026-04-13T17:24:09.826Z] >>> [apiv2][(partial)header] GET https://serviceusage.googleapis.com/v1/projects/cocha-turismo/services/pubsub.googleapis.com x-goog-quota-user=projects/cocha-turismo
[debug] [2026-04-13T17:24:09.827Z] >>> [apiv2][query] GET https://serviceusage.googleapis.com/v1/projects/cocha-turismo/services/storage.googleapis.com [none]
[debug] [2026-04-13T17:24:09.827Z] >>> [apiv2][(partial)header] GET https://serviceusage.googleapis.com/v1/projects/cocha-turismo/services/storage.googleapis.com x-goog-quota-user=projects/cocha-turismo
[debug] [2026-04-13T17:24:10.783Z] <<< [apiv2][status] GET https://serviceusage.googleapis.com/v1/projects/cocha-turismo/services/storage.googleapis.com 200
[debug] [2026-04-13T17:24:10.783Z] <<< [apiv2][body] GET https://serviceusage.googleapis.com/v1/projects/cocha-turismo/services/storage.googleapis.com [omitted]
[info] +  functions: required API storage.googleapis.com is enabled 
[debug] [2026-04-13T17:24:10.851Z] <<< [apiv2][status] GET https://serviceusage.googleapis.com/v1/projects/cocha-turismo/services/pubsub.googleapis.com 200
[debug] [2026-04-13T17:24:10.851Z] <<< [apiv2][body] GET https://serviceusage.googleapis.com/v1/projects/cocha-turismo/services/pubsub.googleapis.com [omitted]
[info] +  functions: required API pubsub.googleapis.com is enabled 
[debug] [2026-04-13T17:24:11.145Z] <<< [apiv2][status] GET https://serviceusage.googleapis.com/v1/projects/cocha-turismo/services/run.googleapis.com 200
[debug] [2026-04-13T17:24:11.145Z] <<< [apiv2][body] GET https://serviceusage.googleapis.com/v1/projects/cocha-turismo/services/run.googleapis.com [omitted]
[info] +  functions: required API run.googleapis.com is enabled 
[debug] [2026-04-13T17:24:11.149Z] <<< [apiv2][status] GET https://serviceusage.googleapis.com/v1/projects/cocha-turismo/services/eventarc.googleapis.com 200
[debug] [2026-04-13T17:24:11.150Z] <<< [apiv2][body] GET https://serviceusage.googleapis.com/v1/projects/cocha-turismo/services/eventarc.googleapis.com [omitted]
[info] +  functions: required API eventarc.googleapis.com is enabled 
[info] i  functions: generating the service identity for pubsub.googleapis.com... 
[info] i  functions: generating the service identity for eventarc.googleapis.com... 
[debug] [2026-04-13T17:24:11.152Z] >>> [apiv2][query] POST https://serviceusage.googleapis.com/v1beta1/projects/814334659870/services/pubsub.googleapis.com:generateServiceIdentity [none]
[debug] [2026-04-13T17:24:11.152Z] >>> [apiv2][query] POST https://serviceusage.googleapis.com/v1beta1/projects/814334659870/services/eventarc.googleapis.com:generateServiceIdentity [none]
[debug] [2026-04-13T17:24:11.673Z] <<< [apiv2][status] POST https://serviceusage.googleapis.com/v1beta1/projects/814334659870/services/pubsub.googleapis.com:generateServiceIdentity 200
[debug] [2026-04-13T17:24:11.673Z] <<< [apiv2][body] POST https://serviceusage.googleapis.com/v1beta1/projects/814334659870/services/pubsub.googleapis.com:generateServiceIdentity {"name":"operations/finished.DONE_OPERATION","done":true,"response":{"@type":"type.googleapis.com/google.api.serviceusage.v1beta1.ServiceIdentity","email":"service-814334659870@gcp-sa-pubsub.iam.gserviceaccount.com","uniqueId":"108839164160394007982"}}
[debug] [2026-04-13T17:24:12.032Z] <<< [apiv2][status] POST https://serviceusage.googleapis.com/v1beta1/projects/814334659870/services/eventarc.googleapis.com:generateServiceIdentity 200
[debug] [2026-04-13T17:24:12.033Z] <<< [apiv2][body] POST https://serviceusage.googleapis.com/v1beta1/projects/814334659870/services/eventarc.googleapis.com:generateServiceIdentity {"name":"operations/finished.DONE_OPERATION","done":true,"response":{"@type":"type.googleapis.com/google.api.serviceusage.v1beta1.ServiceIdentity","email":"service-814334659870@gcp-sa-eventarc.iam.gserviceaccount.com","uniqueId":"116627707781964500685"}}
[debug] [2026-04-13T17:24:12.037Z] >>> [apiv2][query] GET https://firebase.googleapis.com/v1beta1/projects/cocha-turismo [none]
[debug] [2026-04-13T17:24:12.438Z] <<< [apiv2][status] GET https://firebase.googleapis.com/v1beta1/projects/cocha-turismo 200
[debug] [2026-04-13T17:24:12.438Z] <<< [apiv2][body] GET https://firebase.googleapis.com/v1beta1/projects/cocha-turismo {"projectId":"cocha-turismo","projectNumber":"814334659870","displayName":"Cocha Turismo","name":"projects/cocha-turismo","resources":{"hostingSite":"cocha-turismo","locationId":"us-central"},"state":"ACTIVE","etag":"1_9edb3a55-c03a-448a-9bf5-dcd1e273e152"}
[debug] [2026-04-13T17:24:12.441Z] >>> [apiv2][query] POST https://cloudfunctions.googleapis.com/v2/projects/cocha-turismo/locations/us-central1/functions:generateUploadUrl [none]
[debug] [2026-04-13T17:24:13.452Z] <<< [apiv2][status] POST https://cloudfunctions.googleapis.com/v2/projects/cocha-turismo/locations/us-central1/functions:generateUploadUrl 200
[debug] [2026-04-13T17:24:13.453Z] <<< [apiv2][body] POST https://cloudfunctions.googleapis.com/v2/projects/cocha-turismo/locations/us-central1/functions:generateUploadUrl {"uploadUrl":"https://storage.googleapis.com/gcf-v2-uploads-814334659870.us-central1.cloudfunctions.appspot.com/585c4d20-83d5-48b8-b508-0021c6537195.zip?GoogleAccessId=service-814334659870@gcf-admin-robot.iam.gserviceaccount.com&Expires=1776102850&Signature=rReuafoQEv1fdWlMjCFds9%2BY0ceihJZnZGshDA9peKaVSq%2BNSpsByzJHegN7fWYksbUd4fNc6eVh9pcqolkDtWqHNwkbHzTz8hRIq21sFUNjyM5rsad53gFqUCF425Cr3BrQCrNXVLjqLkWx7vqHQIpLMP3K2S5cVoR3rP%2F%2BwPT6W3ALOBkh1ZTksO1xty2fXCJYGOemUXWcf0JThe9oY2DY9ti1R%2B1JjbCdRr9K3uSBJHYscmkhVKdUD4uTHEARLxC6Pkv3E9rLwyV%2BO2gFVRglLaYkSECI0%2BW6%2FBLxznTfl6JRPPNSI%2FhUGEVY9l0gUmsT3wktHaI8W%2FXViEPKcg%3D%3D","storageSource":{"bucket":"gcf-v2-uploads-814334659870.us-central1.cloudfunctions.appspot.com","object":"585c4d20-83d5-48b8-b508-0021c6537195.zip"}}
[debug] [2026-04-13T17:24:13.454Z] >>> [apiv2][query] PUT https://storage.googleapis.com/gcf-v2-uploads-814334659870.us-central1.cloudfunctions.appspot.com/585c4d20-83d5-48b8-b508-0021c6537195.zip GoogleAccessId=service-814334659870%40gcf-admin-robot.iam.gserviceaccount.com&Expires=1776102850&Signature=rReuafoQEv1fdWlMjCFds9%2BY0ceihJZnZGshDA9peKaVSq%2BNSpsByzJHegN7fWYksbUd4fNc6eVh9pcqolkDtWqHNwkbHzTz8hRIq21sFUNjyM5rsad53gFqUCF425Cr3BrQCrNXVLjqLkWx7vqHQIpLMP3K2S5cVoR3rP%2F%2BwPT6W3ALOBkh1ZTksO1xty2fXCJYGOemUXWcf0JThe9oY2DY9ti1R%2B1JjbCdRr9K3uSBJHYscmkhVKdUD4uTHEARLxC6Pkv3E9rLwyV%2BO2gFVRglLaYkSECI0%2BW6%2FBLxznTfl6JRPPNSI%2FhUGEVY9l0gUmsT3wktHaI8W%2FXViEPKcg%3D%3D
[debug] [2026-04-13T17:24:13.454Z] >>> [apiv2][body] PUT https://storage.googleapis.com/gcf-v2-uploads-814334659870.us-central1.cloudfunctions.appspot.com/585c4d20-83d5-48b8-b508-0021c6537195.zip [stream]
[debug] [2026-04-13T17:24:14.171Z] <<< [apiv2][status] PUT https://storage.googleapis.com/gcf-v2-uploads-814334659870.us-central1.cloudfunctions.appspot.com/585c4d20-83d5-48b8-b508-0021c6537195.zip 200
[debug] [2026-04-13T17:24:14.171Z] <<< [apiv2][body] PUT https://storage.googleapis.com/gcf-v2-uploads-814334659870.us-central1.cloudfunctions.appspot.com/585c4d20-83d5-48b8-b508-0021c6537195.zip [omitted]
[info] +  functions: functions folder uploaded successfully 
[info] i  functions: creating Node.js 20 (2nd Gen) function createUser(us-central1)... 
[debug] [2026-04-13T17:24:14.180Z] >>> [apiv2][query] POST https://cloudfunctions.googleapis.com/v2/projects/cocha-turismo/locations/us-central1/functions functionId=createUser
[debug] [2026-04-13T17:24:14.180Z] >>> [apiv2][body] POST https://cloudfunctions.googleapis.com/v2/projects/cocha-turismo/locations/us-central1/functions {"name":"projects/cocha-turismo/locations/us-central1/functions/createUser","buildConfig":{"runtime":"nodejs20","entryPoint":"createUser","source":{"storageSource":{"bucket":"gcf-v2-uploads-814334659870.us-central1.cloudfunctions.appspot.com","object":"585c4d20-83d5-48b8-b508-0021c6537195.zip"}},"environmentVariables":{"GOOGLE_NODE_RUN_SCRIPTS":""}},"serviceConfig":{"environmentVariables":{"FIREBASE_CONFIG":"{\"projectId\":\"cocha-turismo\",\"storageBucket\":\"cocha-turismo.appspot.com\",\"locationId\":\"us-central\"}","GCLOUD_PROJECT":"cocha-turismo","EVENTARC_CLOUD_EVENT_SOURCE":"projects/cocha-turismo/locations/us-central1/services/createUser","FUNCTION_TARGET":"createUser"},"ingressSettings":null,"timeoutSeconds":null,"serviceAccountEmail":null,"availableMemory":"256Mi","minInstanceCount":null,"maxInstanceCount":null,"maxInstanceRequestConcurrency":80,"availableCpu":"1","vpcConnector":null,"vpcConnectorEgressSettings":null},"labels":{"deployment-tool":"cli-firebase","deployment-callable":"true","firebase-functions-hash":"a7d96060cd8f1ee9f16f0da8ce1ef33d0847c70a"}}
[debug] [2026-04-13T17:24:15.749Z] <<< [apiv2][status] POST https://cloudfunctions.googleapis.com/v2/projects/cocha-turismo/locations/us-central1/functions 200
[debug] [2026-04-13T17:24:15.749Z] <<< [apiv2][body] POST https://cloudfunctions.googleapis.com/v2/projects/cocha-turismo/locations/us-central1/functions {"name":"projects/cocha-turismo/locations/us-central1/operations/operation-1776101052678-64f5ac05482ec-3f023c68-bab88641","metadata":{"@type":"type.googleapis.com/google.cloud.functions.v2.OperationMetadata","createTime":"2026-04-13T17:24:13.291275550Z","target":"projects/cocha-turismo/locations/us-central1/functions/createUser","verb":"create","cancelRequested":false,"apiVersion":"v2"},"done":false}
[debug] [2026-04-13T17:24:15.750Z] >>> [apiv2][query] GET https://cloudfunctions.googleapis.com/v2/projects/cocha-turismo/locations/us-central1/operations/operation-1776101052678-64f5ac05482ec-3f023c68-bab88641 [none]
[debug] [2026-04-13T17:24:16.682Z] <<< [apiv2][status] GET https://cloudfunctions.googleapis.com/v2/projects/cocha-turismo/locations/us-central1/operations/operation-1776101052678-64f5ac05482ec-3f023c68-bab88641 200
[debug] [2026-04-13T17:24:16.682Z] <<< [apiv2][body] GET https://cloudfunctions.googleapis.com/v2/projects/cocha-turismo/locations/us-central1/operations/operation-1776101052678-64f5ac05482ec-3f023c68-bab88641 {"name":"projects/cocha-turismo/locations/us-central1/operations/operation-1776101052678-64f5ac05482ec-3f023c68-bab88641","metadata":{"@type":"type.googleapis.com/google.cloud.functions.v2.OperationMetadata","createTime":"2026-04-13T17:24:13.291275550Z","target":"projects/cocha-turismo/locations/us-central1/functions/createUser","verb":"create","cancelRequested":false,"apiVersion":"v2","requestResource":{"@type":"type.googleapis.com/google.cloud.functions.v2.Function","name":"projects/cocha-turismo/locations/us-central1/functions/createUser","buildConfig":{"runtime":"nodejs20","entryPoint":"createUser","source":{"storageSource":{"bucket":"gcf-v2-sources-814334659870-us-central1","object":"createUser/function-source.zip","generation":"1776101052946050"}},"environmentVariables":{"GOOGLE_NODE_RUN_SCRIPTS":""},"serviceAccount":"projects/cocha-turismo/serviceAccounts/814334659870-compute@developer.gserviceaccount.com","automaticUpdatePolicy":{}},"serviceConfig":{"service":"projects/cocha-turismo/locations/us-central1/services/createuser","timeoutSeconds":60,"environmentVariables":{"FIREBASE_CONFIG":"{\"projectId\":\"cocha-turismo\",\"storageBucket\":\"cocha-turismo.appspot.com\",\"locationId\":\"us-central\"}","GCLOUD_PROJECT":"cocha-turismo","EVENTARC_CLOUD_EVENT_SOURCE":"projects/cocha-turismo/locations/us-central1/services/createUser","FUNCTION_TARGET":"createUser","LOG_EXECUTION_ID":"true"},"ingressSettings":"ALLOW_ALL","serviceAccountEmail":"814334659870-compute@developer.gserviceaccount.com","availableMemory":"256Mi","maxInstanceRequestConcurrency":80,"availableCpu":"1"},"labels":{"deployment-tool":"cli-firebase","deployment-callable":"true","firebase-functions-hash":"a7d96060cd8f1ee9f16f0da8ce1ef33d0847c70a"},"environment":"GEN_2"},"stages":[{"name":"BUILD","state":"NOT_STARTED","stateMessages":[{"severity":"WARNING","type":"BuildAnalysisWarning","message":"Node.js 20 is no longer supported by the Node.js community as of 30 April, 2026. Node.js 20 will be deprecated on 2026-04-30. We recommend you to upgrade to the latest version of Node.js as soon as possible."}]},{"name":"SERVICE","state":"NOT_STARTED"}],"operationType":"CREATE_FUNCTION"},"done":false}
[debug] [2026-04-13T17:24:17.197Z] [create-default-us-central1-createUser] Retrying task index 0
[debug] [2026-04-13T17:24:17.197Z] >>> [apiv2][query] GET https://cloudfunctions.googleapis.com/v2/projects/cocha-turismo/locations/us-central1/operations/operation-1776101052678-64f5ac05482ec-3f023c68-bab88641 [none]
[debug] [2026-04-13T17:24:17.424Z] <<< [apiv2][status] GET https://cloudfunctions.googleapis.com/v2/projects/cocha-turismo/locations/us-central1/operations/operation-1776101052678-64f5ac05482ec-3f023c68-bab88641 200
[debug] [2026-04-13T17:24:17.425Z] <<< [apiv2][body] GET https://cloudfunctions.googleapis.com/v2/projects/cocha-turismo/locations/us-central1/operations/operation-1776101052678-64f5ac05482ec-3f023c68-bab88641 {"name":"projects/cocha-turismo/locations/us-central1/operations/operation-1776101052678-64f5ac05482ec-3f023c68-bab88641","metadata":{"@type":"type.googleapis.com/google.cloud.functions.v2.OperationMetadata","createTime":"2026-04-13T17:24:13.291275550Z","target":"projects/cocha-turismo/locations/us-central1/functions/createUser","verb":"create","cancelRequested":false,"apiVersion":"v2","requestResource":{"@type":"type.googleapis.com/google.cloud.functions.v2.Function","name":"projects/cocha-turismo/locations/us-central1/functions/createUser","buildConfig":{"runtime":"nodejs20","entryPoint":"createUser","source":{"storageSource":{"bucket":"gcf-v2-sources-814334659870-us-central1","object":"createUser/function-source.zip","generation":"1776101052946050"}},"environmentVariables":{"GOOGLE_NODE_RUN_SCRIPTS":""},"serviceAccount":"projects/cocha-turismo/serviceAccounts/814334659870-compute@developer.gserviceaccount.com","automaticUpdatePolicy":{}},"serviceConfig":{"service":"projects/cocha-turismo/locations/us-central1/services/createuser","timeoutSeconds":60,"environmentVariables":{"FIREBASE_CONFIG":"{\"projectId\":\"cocha-turismo\",\"storageBucket\":\"cocha-turismo.appspot.com\",\"locationId\":\"us-central\"}","GCLOUD_PROJECT":"cocha-turismo","EVENTARC_CLOUD_EVENT_SOURCE":"projects/cocha-turismo/locations/us-central1/services/createUser","FUNCTION_TARGET":"createUser","LOG_EXECUTION_ID":"true"},"ingressSettings":"ALLOW_ALL","serviceAccountEmail":"814334659870-compute@developer.gserviceaccount.com","availableMemory":"256Mi","maxInstanceRequestConcurrency":80,"availableCpu":"1"},"labels":{"deployment-tool":"cli-firebase","deployment-callable":"true","firebase-functions-hash":"a7d96060cd8f1ee9f16f0da8ce1ef33d0847c70a"},"environment":"GEN_2"},"stages":[{"name":"BUILD","message":"Build in progress","state":"IN_PROGRESS","resource":"projects/814334659870/locations/us-central1/builds/5932005f-c0cf-4962-b5bb-0f92ea62511c","resourceUri":"https://console.cloud.google.com/cloud-build/builds;region=us-central1/5932005f-c0cf-4962-b5bb-0f92ea62511c?project=814334659870"},{"name":"SERVICE","state":"NOT_STARTED"}],"operationType":"CREATE_FUNCTION","buildName":"projects/814334659870/locations/us-central1/builds/5932005f-c0cf-4962-b5bb-0f92ea62511c"},"done":false}
[debug] [2026-04-13T17:24:18.439Z] [create-default-us-central1-createUser] Retrying task index 0
[debug] [2026-04-13T17:24:18.440Z] >>> [apiv2][query] GET https://cloudfunctions.googleapis.com/v2/projects/cocha-turismo/locations/us-central1/operations/operation-1776101052678-64f5ac05482ec-3f023c68-bab88641 [none]
[debug] [2026-04-13T17:24:19.366Z] <<< [apiv2][status] GET https://cloudfunctions.googleapis.com/v2/projects/cocha-turismo/locations/us-central1/operations/operation-1776101052678-64f5ac05482ec-3f023c68-bab88641 200
[debug] [2026-04-13T17:24:19.367Z] <<< [apiv2][body] GET https://cloudfunctions.googleapis.com/v2/projects/cocha-turismo/locations/us-central1/operations/operation-1776101052678-64f5ac05482ec-3f023c68-bab88641 {"name":"projects/cocha-turismo/locations/us-central1/operations/operation-1776101052678-64f5ac05482ec-3f023c68-bab88641","metadata":{"@type":"type.googleapis.com/google.cloud.functions.v2.OperationMetadata","createTime":"2026-04-13T17:24:13.291275550Z","target":"projects/cocha-turismo/locations/us-central1/functions/createUser","verb":"create","cancelRequested":false,"apiVersion":"v2","requestResource":{"@type":"type.googleapis.com/google.cloud.functions.v2.Function","name":"projects/cocha-turismo/locations/us-central1/functions/createUser","buildConfig":{"runtime":"nodejs20","entryPoint":"createUser","source":{"storageSource":{"bucket":"gcf-v2-sources-814334659870-us-central1","object":"createUser/function-source.zip","generation":"1776101052946050"}},"environmentVariables":{"GOOGLE_NODE_RUN_SCRIPTS":""},"serviceAccount":"projects/cocha-turismo/serviceAccounts/814334659870-compute@developer.gserviceaccount.com","automaticUpdatePolicy":{}},"serviceConfig":{"service":"projects/cocha-turismo/locations/us-central1/services/createuser","timeoutSeconds":60,"environmentVariables":{"FIREBASE_CONFIG":"{\"projectId\":\"cocha-turismo\",\"storageBucket\":\"cocha-turismo.appspot.com\",\"locationId\":\"us-central\"}","GCLOUD_PROJECT":"cocha-turismo","EVENTARC_CLOUD_EVENT_SOURCE":"projects/cocha-turismo/locations/us-central1/services/createUser","FUNCTION_TARGET":"createUser","LOG_EXECUTION_ID":"true"},"ingressSettings":"ALLOW_ALL","serviceAccountEmail":"814334659870-compute@developer.gserviceaccount.com","availableMemory":"256Mi","maxInstanceRequestConcurrency":80,"availableCpu":"1"},"labels":{"deployment-tool":"cli-firebase","deployment-callable":"true","firebase-functions-hash":"a7d96060cd8f1ee9f16f0da8ce1ef33d0847c70a"},"environment":"GEN_2"},"stages":[{"name":"BUILD","message":"Build in progress","state":"IN_PROGRESS","resource":"projects/814334659870/locations/us-central1/builds/5932005f-c0cf-4962-b5bb-0f92ea62511c","resourceUri":"https://console.cloud.google.com/cloud-build/builds;region=us-central1/5932005f-c0cf-4962-b5bb-0f92ea62511c?project=814334659870"},{"name":"SERVICE","state":"NOT_STARTED"}],"operationType":"CREATE_FUNCTION","buildName":"projects/814334659870/locations/us-central1/builds/5932005f-c0cf-4962-b5bb-0f92ea62511c"},"done":false}
[debug] [2026-04-13T17:24:21.373Z] [create-default-us-central1-createUser] Retrying task index 0
[debug] [2026-04-13T17:24:21.373Z] >>> [apiv2][query] GET https://cloudfunctions.googleapis.com/v2/projects/cocha-turismo/locations/us-central1/operations/operation-1776101052678-64f5ac05482ec-3f023c68-bab88641 [none]
[debug] [2026-04-13T17:24:22.303Z] <<< [apiv2][status] GET https://cloudfunctions.googleapis.com/v2/projects/cocha-turismo/locations/us-central1/operations/operation-1776101052678-64f5ac05482ec-3f023c68-bab88641 200
[debug] [2026-04-13T17:24:22.303Z] <<< [apiv2][body] GET https://cloudfunctions.googleapis.com/v2/projects/cocha-turismo/locations/us-central1/operations/operation-1776101052678-64f5ac05482ec-3f023c68-bab88641 {"name":"projects/cocha-turismo/locations/us-central1/operations/operation-1776101052678-64f5ac05482ec-3f023c68-bab88641","metadata":{"@type":"type.googleapis.com/google.cloud.functions.v2.OperationMetadata","createTime":"2026-04-13T17:24:13.291275550Z","target":"projects/cocha-turismo/locations/us-central1/functions/createUser","verb":"create","cancelRequested":false,"apiVersion":"v2","requestResource":{"@type":"type.googleapis.com/google.cloud.functions.v2.Function","name":"projects/cocha-turismo/locations/us-central1/functions/createUser","buildConfig":{"runtime":"nodejs20","entryPoint":"createUser","source":{"storageSource":{"bucket":"gcf-v2-sources-814334659870-us-central1","object":"createUser/function-source.zip","generation":"1776101052946050"}},"environmentVariables":{"GOOGLE_NODE_RUN_SCRIPTS":""},"serviceAccount":"projects/cocha-turismo/serviceAccounts/814334659870-compute@developer.gserviceaccount.com","automaticUpdatePolicy":{}},"serviceConfig":{"service":"projects/cocha-turismo/locations/us-central1/services/createuser","timeoutSeconds":60,"environmentVariables":{"FIREBASE_CONFIG":"{\"projectId\":\"cocha-turismo\",\"storageBucket\":\"cocha-turismo.appspot.com\",\"locationId\":\"us-central\"}","GCLOUD_PROJECT":"cocha-turismo","EVENTARC_CLOUD_EVENT_SOURCE":"projects/cocha-turismo/locations/us-central1/services/createUser","FUNCTION_TARGET":"createUser","LOG_EXECUTION_ID":"true"},"ingressSettings":"ALLOW_ALL","serviceAccountEmail":"814334659870-compute@developer.gserviceaccount.com","availableMemory":"256Mi","maxInstanceRequestConcurrency":80,"availableCpu":"1"},"labels":{"deployment-tool":"cli-firebase","deployment-callable":"true","firebase-functions-hash":"a7d96060cd8f1ee9f16f0da8ce1ef33d0847c70a"},"environment":"GEN_2"},"stages":[{"name":"BUILD","message":"Build in progress","state":"IN_PROGRESS","resource":"projects/814334659870/locations/us-central1/builds/5932005f-c0cf-4962-b5bb-0f92ea62511c","resourceUri":"https://console.cloud.google.com/cloud-build/builds;region=us-central1/5932005f-c0cf-4962-b5bb-0f92ea62511c?project=814334659870"},{"name":"SERVICE","state":"NOT_STARTED"}],"operationType":"CREATE_FUNCTION","buildName":"projects/814334659870/locations/us-central1/builds/5932005f-c0cf-4962-b5bb-0f92ea62511c"},"done":false}
[debug] [2026-04-13T17:24:26.317Z] [create-default-us-central1-createUser] Retrying task index 0
[debug] [2026-04-13T17:24:26.318Z] >>> [apiv2][query] GET https://cloudfunctions.googleapis.com/v2/projects/cocha-turismo/locations/us-central1/operations/operation-1776101052678-64f5ac05482ec-3f023c68-bab88641 [none]
[debug] [2026-04-13T17:24:27.234Z] <<< [apiv2][status] GET https://cloudfunctions.googleapis.com/v2/projects/cocha-turismo/locations/us-central1/operations/operation-1776101052678-64f5ac05482ec-3f023c68-bab88641 200
[debug] [2026-04-13T17:24:27.235Z] <<< [apiv2][body] GET https://cloudfunctions.googleapis.com/v2/projects/cocha-turismo/locations/us-central1/operations/operation-1776101052678-64f5ac05482ec-3f023c68-bab88641 {"name":"projects/cocha-turismo/locations/us-central1/operations/operation-1776101052678-64f5ac05482ec-3f023c68-bab88641","metadata":{"@type":"type.googleapis.com/google.cloud.functions.v2.OperationMetadata","createTime":"2026-04-13T17:24:13.291275550Z","target":"projects/cocha-turismo/locations/us-central1/functions/createUser","verb":"create","cancelRequested":false,"apiVersion":"v2","requestResource":{"@type":"type.googleapis.com/google.cloud.functions.v2.Function","name":"projects/cocha-turismo/locations/us-central1/functions/createUser","buildConfig":{"runtime":"nodejs20","entryPoint":"createUser","source":{"storageSource":{"bucket":"gcf-v2-sources-814334659870-us-central1","object":"createUser/function-source.zip","generation":"1776101052946050"}},"environmentVariables":{"GOOGLE_NODE_RUN_SCRIPTS":""},"serviceAccount":"projects/cocha-turismo/serviceAccounts/814334659870-compute@developer.gserviceaccount.com","automaticUpdatePolicy":{}},"serviceConfig":{"service":"projects/cocha-turismo/locations/us-central1/services/createuser","timeoutSeconds":60,"environmentVariables":{"FIREBASE_CONFIG":"{\"projectId\":\"cocha-turismo\",\"storageBucket\":\"cocha-turismo.appspot.com\",\"locationId\":\"us-central\"}","GCLOUD_PROJECT":"cocha-turismo","EVENTARC_CLOUD_EVENT_SOURCE":"projects/cocha-turismo/locations/us-central1/services/createUser","FUNCTION_TARGET":"createUser","LOG_EXECUTION_ID":"true"},"ingressSettings":"ALLOW_ALL","serviceAccountEmail":"814334659870-compute@developer.gserviceaccount.com","availableMemory":"256Mi","maxInstanceRequestConcurrency":80,"availableCpu":"1"},"labels":{"deployment-tool":"cli-firebase","deployment-callable":"true","firebase-functions-hash":"a7d96060cd8f1ee9f16f0da8ce1ef33d0847c70a"},"environment":"GEN_2"},"stages":[{"name":"BUILD","message":"Build in progress","state":"IN_PROGRESS","resource":"projects/814334659870/locations/us-central1/builds/5932005f-c0cf-4962-b5bb-0f92ea62511c","resourceUri":"https://console.cloud.google.com/cloud-build/builds;region=us-central1/5932005f-c0cf-4962-b5bb-0f92ea62511c?project=814334659870"},{"name":"SERVICE","state":"NOT_STARTED"}],"operationType":"CREATE_FUNCTION","buildName":"projects/814334659870/locations/us-central1/builds/5932005f-c0cf-4962-b5bb-0f92ea62511c"},"done":false}
[debug] [2026-04-13T17:24:35.241Z] [create-default-us-central1-createUser] Retrying task index 0
[debug] [2026-04-13T17:24:35.241Z] >>> [apiv2][query] GET https://cloudfunctions.googleapis.com/v2/projects/cocha-turismo/locations/us-central1/operations/operation-1776101052678-64f5ac05482ec-3f023c68-bab88641 [none]
[debug] [2026-04-13T17:24:35.564Z] <<< [apiv2][status] GET https://cloudfunctions.googleapis.com/v2/projects/cocha-turismo/locations/us-central1/operations/operation-1776101052678-64f5ac05482ec-3f023c68-bab88641 200
[debug] [2026-04-13T17:24:35.565Z] <<< [apiv2][body] GET https://cloudfunctions.googleapis.com/v2/projects/cocha-turismo/locations/us-central1/operations/operation-1776101052678-64f5ac05482ec-3f023c68-bab88641 {"name":"projects/cocha-turismo/locations/us-central1/operations/operation-1776101052678-64f5ac05482ec-3f023c68-bab88641","metadata":{"@type":"type.googleapis.com/google.cloud.functions.v2.OperationMetadata","createTime":"2026-04-13T17:24:13.291275550Z","target":"projects/cocha-turismo/locations/us-central1/functions/createUser","verb":"create","cancelRequested":false,"apiVersion":"v2","requestResource":{"@type":"type.googleapis.com/google.cloud.functions.v2.Function","name":"projects/cocha-turismo/locations/us-central1/functions/createUser","buildConfig":{"runtime":"nodejs20","entryPoint":"createUser","source":{"storageSource":{"bucket":"gcf-v2-sources-814334659870-us-central1","object":"createUser/function-source.zip","generation":"1776101052946050"}},"environmentVariables":{"GOOGLE_NODE_RUN_SCRIPTS":""},"serviceAccount":"projects/cocha-turismo/serviceAccounts/814334659870-compute@developer.gserviceaccount.com","automaticUpdatePolicy":{}},"serviceConfig":{"service":"projects/cocha-turismo/locations/us-central1/services/createuser","timeoutSeconds":60,"environmentVariables":{"FIREBASE_CONFIG":"{\"projectId\":\"cocha-turismo\",\"storageBucket\":\"cocha-turismo.appspot.com\",\"locationId\":\"us-central\"}","GCLOUD_PROJECT":"cocha-turismo","EVENTARC_CLOUD_EVENT_SOURCE":"projects/cocha-turismo/locations/us-central1/services/createUser","FUNCTION_TARGET":"createUser","LOG_EXECUTION_ID":"true"},"ingressSettings":"ALLOW_ALL","serviceAccountEmail":"814334659870-compute@developer.gserviceaccount.com","availableMemory":"256Mi","maxInstanceRequestConcurrency":80,"availableCpu":"1"},"labels":{"deployment-tool":"cli-firebase","deployment-callable":"true","firebase-functions-hash":"a7d96060cd8f1ee9f16f0da8ce1ef33d0847c70a"},"environment":"GEN_2"},"stages":[{"name":"BUILD","message":"Build in progress","state":"IN_PROGRESS","resource":"projects/814334659870/locations/us-central1/builds/5932005f-c0cf-4962-b5bb-0f92ea62511c","resourceUri":"https://console.cloud.google.com/cloud-build/builds;region=us-central1/5932005f-c0cf-4962-b5bb-0f92ea62511c?project=814334659870"},{"name":"SERVICE","state":"NOT_STARTED"}],"operationType":"CREATE_FUNCTION","buildName":"projects/814334659870/locations/us-central1/builds/5932005f-c0cf-4962-b5bb-0f92ea62511c"},"done":false}
[debug] [2026-04-13T17:24:45.576Z] [create-default-us-central1-createUser] Retrying task index 0
[debug] [2026-04-13T17:24:45.577Z] >>> [apiv2][query] GET https://cloudfunctions.googleapis.com/v2/projects/cocha-turismo/locations/us-central1/operations/operation-1776101052678-64f5ac05482ec-3f023c68-bab88641 [none]
[debug] [2026-04-13T17:24:45.907Z] <<< [apiv2][status] GET https://cloudfunctions.googleapis.com/v2/projects/cocha-turismo/locations/us-central1/operations/operation-1776101052678-64f5ac05482ec-3f023c68-bab88641 200
[debug] [2026-04-13T17:24:45.908Z] <<< [apiv2][body] GET https://cloudfunctions.googleapis.com/v2/projects/cocha-turismo/locations/us-central1/operations/operation-1776101052678-64f5ac05482ec-3f023c68-bab88641 {"name":"projects/cocha-turismo/locations/us-central1/operations/operation-1776101052678-64f5ac05482ec-3f023c68-bab88641","metadata":{"@type":"type.googleapis.com/google.cloud.functions.v2.OperationMetadata","createTime":"2026-04-13T17:24:13.291275550Z","target":"projects/cocha-turismo/locations/us-central1/functions/createUser","verb":"create","cancelRequested":false,"apiVersion":"v2","requestResource":{"@type":"type.googleapis.com/google.cloud.functions.v2.Function","name":"projects/cocha-turismo/locations/us-central1/functions/createUser","buildConfig":{"runtime":"nodejs20","entryPoint":"createUser","source":{"storageSource":{"bucket":"gcf-v2-sources-814334659870-us-central1","object":"createUser/function-source.zip","generation":"1776101052946050"}},"environmentVariables":{"GOOGLE_NODE_RUN_SCRIPTS":""},"serviceAccount":"projects/cocha-turismo/serviceAccounts/814334659870-compute@developer.gserviceaccount.com","automaticUpdatePolicy":{}},"serviceConfig":{"service":"projects/cocha-turismo/locations/us-central1/services/createuser","timeoutSeconds":60,"environmentVariables":{"FIREBASE_CONFIG":"{\"projectId\":\"cocha-turismo\",\"storageBucket\":\"cocha-turismo.appspot.com\",\"locationId\":\"us-central\"}","GCLOUD_PROJECT":"cocha-turismo","EVENTARC_CLOUD_EVENT_SOURCE":"projects/cocha-turismo/locations/us-central1/services/createUser","FUNCTION_TARGET":"createUser","LOG_EXECUTION_ID":"true"},"ingressSettings":"ALLOW_ALL","serviceAccountEmail":"814334659870-compute@developer.gserviceaccount.com","availableMemory":"256Mi","maxInstanceRequestConcurrency":80,"availableCpu":"1"},"labels":{"deployment-tool":"cli-firebase","deployment-callable":"true","firebase-functions-hash":"a7d96060cd8f1ee9f16f0da8ce1ef33d0847c70a"},"environment":"GEN_2"},"stages":[{"name":"BUILD","message":"Build in progress","state":"IN_PROGRESS","resource":"projects/814334659870/locations/us-central1/builds/5932005f-c0cf-4962-b5bb-0f92ea62511c","resourceUri":"https://console.cloud.google.com/cloud-build/builds;region=us-central1/5932005f-c0cf-4962-b5bb-0f92ea62511c?project=814334659870"},{"name":"SERVICE","state":"NOT_STARTED"}],"operationType":"CREATE_FUNCTION","buildName":"projects/814334659870/locations/us-central1/builds/5932005f-c0cf-4962-b5bb-0f92ea62511c"},"done":false}
[debug] [2026-04-13T17:24:55.917Z] [create-default-us-central1-createUser] Retrying task index 0
[debug] [2026-04-13T17:24:55.918Z] >>> [apiv2][query] GET https://cloudfunctions.googleapis.com/v2/projects/cocha-turismo/locations/us-central1/operations/operation-1776101052678-64f5ac05482ec-3f023c68-bab88641 [none]
[debug] [2026-04-13T17:24:56.222Z] <<< [apiv2][status] GET https://cloudfunctions.googleapis.com/v2/projects/cocha-turismo/locations/us-central1/operations/operation-1776101052678-64f5ac05482ec-3f023c68-bab88641 200
[debug] [2026-04-13T17:24:56.222Z] <<< [apiv2][body] GET https://cloudfunctions.googleapis.com/v2/projects/cocha-turismo/locations/us-central1/operations/operation-1776101052678-64f5ac05482ec-3f023c68-bab88641 {"name":"projects/cocha-turismo/locations/us-central1/operations/operation-1776101052678-64f5ac05482ec-3f023c68-bab88641","metadata":{"@type":"type.googleapis.com/google.cloud.functions.v2.OperationMetadata","createTime":"2026-04-13T17:24:13.291275550Z","target":"projects/cocha-turismo/locations/us-central1/functions/createUser","verb":"create","cancelRequested":false,"apiVersion":"v2","requestResource":{"@type":"type.googleapis.com/google.cloud.functions.v2.Function","name":"projects/cocha-turismo/locations/us-central1/functions/createUser","buildConfig":{"runtime":"nodejs20","entryPoint":"createUser","source":{"storageSource":{"bucket":"gcf-v2-sources-814334659870-us-central1","object":"createUser/function-source.zip","generation":"1776101052946050"}},"environmentVariables":{"GOOGLE_NODE_RUN_SCRIPTS":""},"serviceAccount":"projects/cocha-turismo/serviceAccounts/814334659870-compute@developer.gserviceaccount.com","automaticUpdatePolicy":{}},"serviceConfig":{"service":"projects/cocha-turismo/locations/us-central1/services/createuser","timeoutSeconds":60,"environmentVariables":{"FIREBASE_CONFIG":"{\"projectId\":\"cocha-turismo\",\"storageBucket\":\"cocha-turismo.appspot.com\",\"locationId\":\"us-central\"}","GCLOUD_PROJECT":"cocha-turismo","EVENTARC_CLOUD_EVENT_SOURCE":"projects/cocha-turismo/locations/us-central1/services/createUser","FUNCTION_TARGET":"createUser","LOG_EXECUTION_ID":"true"},"ingressSettings":"ALLOW_ALL","serviceAccountEmail":"814334659870-compute@developer.gserviceaccount.com","availableMemory":"256Mi","maxInstanceRequestConcurrency":80,"availableCpu":"1"},"labels":{"deployment-tool":"cli-firebase","deployment-callable":"true","firebase-functions-hash":"a7d96060cd8f1ee9f16f0da8ce1ef33d0847c70a"},"environment":"GEN_2"},"stages":[{"name":"BUILD","message":"Build in progress","state":"IN_PROGRESS","resource":"projects/814334659870/locations/us-central1/builds/5932005f-c0cf-4962-b5bb-0f92ea62511c","resourceUri":"https://console.cloud.google.com/cloud-build/builds;region=us-central1/5932005f-c0cf-4962-b5bb-0f92ea62511c?project=814334659870"},{"name":"SERVICE","state":"NOT_STARTED"}],"operationType":"CREATE_FUNCTION","buildName":"projects/814334659870/locations/us-central1/builds/5932005f-c0cf-4962-b5bb-0f92ea62511c"},"done":false}
[debug] [2026-04-13T17:25:06.228Z] [create-default-us-central1-createUser] Retrying task index 0
[debug] [2026-04-13T17:25:06.229Z] >>> [apiv2][query] GET https://cloudfunctions.googleapis.com/v2/projects/cocha-turismo/locations/us-central1/operations/operation-1776101052678-64f5ac05482ec-3f023c68-bab88641 [none]
[debug] [2026-04-13T17:25:07.243Z] <<< [apiv2][status] GET https://cloudfunctions.googleapis.com/v2/projects/cocha-turismo/locations/us-central1/operations/operation-1776101052678-64f5ac05482ec-3f023c68-bab88641 200
[debug] [2026-04-13T17:25:07.243Z] <<< [apiv2][body] GET https://cloudfunctions.googleapis.com/v2/projects/cocha-turismo/locations/us-central1/operations/operation-1776101052678-64f5ac05482ec-3f023c68-bab88641 {"name":"projects/cocha-turismo/locations/us-central1/operations/operation-1776101052678-64f5ac05482ec-3f023c68-bab88641","metadata":{"@type":"type.googleapis.com/google.cloud.functions.v2.OperationMetadata","createTime":"2026-04-13T17:24:13.291275550Z","target":"projects/cocha-turismo/locations/us-central1/functions/createUser","verb":"create","cancelRequested":false,"apiVersion":"v2","requestResource":{"@type":"type.googleapis.com/google.cloud.functions.v2.Function","name":"projects/cocha-turismo/locations/us-central1/functions/createUser","buildConfig":{"runtime":"nodejs20","entryPoint":"createUser","source":{"storageSource":{"bucket":"gcf-v2-sources-814334659870-us-central1","object":"createUser/function-source.zip","generation":"1776101052946050"}},"environmentVariables":{"GOOGLE_NODE_RUN_SCRIPTS":""},"serviceAccount":"projects/cocha-turismo/serviceAccounts/814334659870-compute@developer.gserviceaccount.com","automaticUpdatePolicy":{}},"serviceConfig":{"service":"projects/cocha-turismo/locations/us-central1/services/createuser","timeoutSeconds":60,"environmentVariables":{"FIREBASE_CONFIG":"{\"projectId\":\"cocha-turismo\",\"storageBucket\":\"cocha-turismo.appspot.com\",\"locationId\":\"us-central\"}","GCLOUD_PROJECT":"cocha-turismo","EVENTARC_CLOUD_EVENT_SOURCE":"projects/cocha-turismo/locations/us-central1/services/createUser","FUNCTION_TARGET":"createUser","LOG_EXECUTION_ID":"true"},"ingressSettings":"ALLOW_ALL","serviceAccountEmail":"814334659870-compute@developer.gserviceaccount.com","availableMemory":"256Mi","maxInstanceRequestConcurrency":80,"availableCpu":"1"},"labels":{"deployment-tool":"cli-firebase","deployment-callable":"true","firebase-functions-hash":"a7d96060cd8f1ee9f16f0da8ce1ef33d0847c70a"},"environment":"GEN_2"},"stages":[{"name":"BUILD","message":"Build in progress","state":"IN_PROGRESS","resource":"projects/814334659870/locations/us-central1/builds/5932005f-c0cf-4962-b5bb-0f92ea62511c","resourceUri":"https://console.cloud.google.com/cloud-build/builds;region=us-central1/5932005f-c0cf-4962-b5bb-0f92ea62511c?project=814334659870"},{"name":"SERVICE","state":"NOT_STARTED"}],"operationType":"CREATE_FUNCTION","buildName":"projects/814334659870/locations/us-central1/builds/5932005f-c0cf-4962-b5bb-0f92ea62511c"},"done":false}
[debug] [2026-04-13T17:25:17.248Z] [create-default-us-central1-createUser] Retrying task index 0
[debug] [2026-04-13T17:25:17.248Z] >>> [apiv2][query] GET https://cloudfunctions.googleapis.com/v2/projects/cocha-turismo/locations/us-central1/operations/operation-1776101052678-64f5ac05482ec-3f023c68-bab88641 [none]
[debug] [2026-04-13T17:25:18.262Z] <<< [apiv2][status] GET https://cloudfunctions.googleapis.com/v2/projects/cocha-turismo/locations/us-central1/operations/operation-1776101052678-64f5ac05482ec-3f023c68-bab88641 200
[debug] [2026-04-13T17:25:18.262Z] <<< [apiv2][body] GET https://cloudfunctions.googleapis.com/v2/projects/cocha-turismo/locations/us-central1/operations/operation-1776101052678-64f5ac05482ec-3f023c68-bab88641 {"name":"projects/cocha-turismo/locations/us-central1/operations/operation-1776101052678-64f5ac05482ec-3f023c68-bab88641","metadata":{"@type":"type.googleapis.com/google.cloud.functions.v2.OperationMetadata","createTime":"2026-04-13T17:24:13.291275550Z","endTime":"2026-04-13T17:25:06.687968039Z","target":"projects/cocha-turismo/locations/us-central1/functions/createUser","verb":"create","cancelRequested":false,"apiVersion":"v2","requestResource":{"@type":"type.googleapis.com/google.cloud.functions.v2.Function","name":"projects/cocha-turismo/locations/us-central1/functions/createUser","buildConfig":{"runtime":"nodejs20","entryPoint":"createUser","source":{"storageSource":{"bucket":"gcf-v2-sources-814334659870-us-central1","object":"createUser/function-source.zip","generation":"1776101052946050"}},"environmentVariables":{"GOOGLE_NODE_RUN_SCRIPTS":""},"serviceAccount":"projects/cocha-turismo/serviceAccounts/814334659870-compute@developer.gserviceaccount.com","automaticUpdatePolicy":{}},"serviceConfig":{"service":"projects/cocha-turismo/locations/us-central1/services/createuser","timeoutSeconds":60,"environmentVariables":{"FIREBASE_CONFIG":"{\"projectId\":\"cocha-turismo\",\"storageBucket\":\"cocha-turismo.appspot.com\",\"locationId\":\"us-central\"}","GCLOUD_PROJECT":"cocha-turismo","EVENTARC_CLOUD_EVENT_SOURCE":"projects/cocha-turismo/locations/us-central1/services/createUser","FUNCTION_TARGET":"createUser","LOG_EXECUTION_ID":"true"},"ingressSettings":"ALLOW_ALL","serviceAccountEmail":"814334659870-compute@developer.gserviceaccount.com","availableMemory":"256Mi","maxInstanceRequestConcurrency":80,"availableCpu":"1"},"labels":{"deployment-tool":"cli-firebase","deployment-callable":"true","firebase-functions-hash":"a7d96060cd8f1ee9f16f0da8ce1ef33d0847c70a"},"environment":"GEN_2"},"stages":[{"name":"ARTIFACT_REGISTRY","message":"Deleting function artifacts in Artifact Registry","state":"COMPLETE"},{"name":"SERVICE","message":"Deleting Cloud Run service","state":"COMPLETE","resource":"projects/cocha-turismo/locations/us-central1/services/createuser"}],"operationType":"CREATE_FUNCTION"},"done":true,"error":{"code":3,"message":"Build failed with status: FAILURE and message: npm error code EUSAGE\nnpm error\nnpm error `npm ci` can only install packages when your package.json and package-lock.json or npm-shrinkwrap.json are in sync. Please update your lock file with `npm install` before continuing.\nnpm error\nnpm error Invalid: lock file's firebase-admin@11.11.1 does not satisfy firebase-admin@12.7.0\nnpm error Invalid: lock file's firebase-functions@4.9.0 does not satisfy firebase-functions@5.1.1\nnpm error Invalid: lock file's @fastify/busboy@1.2.1 does not satisfy @fastify/busboy@3.2.0\nnpm error Invalid: lock file's @firebase/database-compat@0.3.4 does not satisfy @firebase/database-compat@1.0.8\nnpm error Invalid: lock file's @firebase/database-types@0.10.4 does not satisfy @firebase/database-types@1.0.5\nnpm error Invalid: lock file's @google-cloud/firestore@6.8.0 does not satisfy @google-cloud/firestore@7.11.6\nnpm error Invalid: lock file's @google-cloud/storage@6.12.0 does not satisfy @google-cloud/storage@7.19.0\nnpm error Missing: @types/node@22.19.17 from lock file\nnpm error Missing: farmhash-modern@1.1.0 from lock file\nnpm error Invalid: lock file's uuid@9.0.1 does not satisfy uuid@10.0.0\nnpm error Invalid: lock file's @firebase/component@0.6.4 does not satisfy @firebase/component@0.6.9\nnpm error Invalid: lock file's @firebase/database@0.14.4 does not satisfy @firebase/database@1.0.8\nnpm error Invalid: lock file's @firebase/logger@0.4.0 does not satisfy @firebase/logger@0.4.2\nnpm error Invalid: lock file's @firebase/util@1.9.3 does not satisfy @firebase/util@1.10.0\nnpm error Missing: @firebase/app-check-interop-types@0.3.2 from lock file\nnpm error Invalid: lock file's @firebase/auth-interop-types@0.2.1 does not satisfy @firebase/auth-interop-types@0.2.3\nnpm error Invalid: lock file's @firebase/app-types@0.9.0 does not satisfy @firebase/app-types@0.9.2\nnpm error Missing: @opentelemetry/api@1.9.1 from lock file\nnpm error Invalid: lock file's google-gax@3.6.1 does not satisfy google-gax@4.6.1\nnpm error Invalid: lock file's @google-cloud/paginator@3.0.7 does not satisfy @google-cloud/paginator@5.0.2\nnpm error Invalid: lock file's @google-cloud/projectify@3.0.0 does not satisfy @google-cloud/projectify@4.0.0\nnpm error Invalid: lock file's @google-cloud/promisify@3.0.1 does not satisfy @google-cloud/promisify@4.0.0\nnpm error Invalid: lock file's fast-xml-parser@4.5.6 does not satisfy fast-xml-parser@5.5.12\nnpm error Invalid: lock file's gaxios@5.1.3 does not satisfy gaxios@6.7.1\nnpm error Invalid: lock file's google-auth-library@8.9.0 does not satisfy google-auth-library@9.15.1\nnpm error Missing: html-entities@2.6.0 from lock file\nnpm error Invalid: lock file's retry-request@5.0.2 does not satisfy retry-request@7.0.2\nnpm error Invalid: lock file's teeny-request@8.0.3 does not satisfy teeny-request@9.0.0\nnpm error Missing: fast-xml-builder@1.1.4 from lock file\nnpm error Missing: path-expression-matcher@1.5.0 from lock file\nnpm error Invalid: lock file's strnum@1.1.2 does not satisfy strnum@2.2.3\nnpm error Invalid: lock file's https-proxy-agent@5.0.1 does not satisfy https-proxy-agent@7.0.6\nnpm error Missing: uuid@9.0.1 from lock file\nnpm error Invalid: lock file's gcp-metadata@5.3.0 does not satisfy gcp-metadata@6.1.1\nnpm error Invalid: lock file's gtoken@6.1.2 does not satisfy gtoken@7.1.0\nnpm error Missing: google-logging-utils@0.0.2 from lock file\nnpm error Invalid: lock file's @grpc/grpc-js@1.8.22 does not satisfy @grpc/grpc-js@1.14.3\nnpm error Invalid: lock file's proto3-json-serializer@1.1.1 does not satisfy proto3-json-serializer@2.0.2\nnpm error Missing: uuid@9.0.1 from lock file\nnpm error Missing: @grpc/proto-loader@0.8.0 from lock file\nnpm error Missing: @js-sdsl/ordered-map@4.4.2 from lock file\nnpm error Invalid: lock file's agent-base@6.0.2 does not satisfy agent-base@7.1.4\nnpm error Missing: @types/request@2.48.13 from lock file\nnpm error Missing: @types/caseless@0.12.5 from lock file\nnpm error Missing: @types/tough-cookie@4.0.5 from lock file\nnpm error Missing: form-data@2.5.5 from lock file\nnpm error Missing: asynckit@0.4.0 from lock file\nnpm error Missing: combined-stream@1.0.8 from lock file\nnpm error Missing: delayed-stream@1.0.0 from lock file\nnpm error Missing: https-proxy-agent@5.0.1 from lock file\nnpm error Missing: uuid@9.0.1 from lock file\nnpm error Missing: agent-base@6.0.2 from lock file\nnpm error Missing: undici-types@6.21.0 from lock file\nnpm error Missing: agent-base@6.0.2 from lock file\nnpm error\nnpm error Clean install a project\nnpm error\nnpm error Usage:\nnpm error npm ci\nnpm error\nnpm error Options:\nnpm error [--install-strategy <hoisted|nested|shallow|linked>] [--legacy-bundling]\nnpm error [--global-style] [--omit <dev|optional|peer> [--omit <dev|optional|peer> ...]]\nnpm error [--include <prod|dev|optional|peer> [--include <prod|dev|optional|peer> ...]]\nnpm error [--strict-peer-deps] [--foreground-scripts] [--ignore-scripts] [--no-audit]\nnpm error [--no-bin-links] [--no-fund] [--dry-run]\nnpm error [-w|--workspace <workspace-name> [-w|--workspace <workspace-name> ...]]\nnpm error [-ws|--workspaces] [--include-workspace-root] [--install-links]\nnpm error\nnpm error aliases: clean-install, ic, install-clean, isntall-clean\nnpm error\nnpm error Run \"npm help ci\" for more info\nnpm error A complete log of this run can be found in: /www-data-home/.npm/_logs/2026-04-13T17_24_30_005Z-debug-0.log. For more details see the logs at https://console.cloud.google.com/cloud-build/builds;region=us-central1/5932005f-c0cf-4962-b5bb-0f92ea62511c?project=814334659870."}}
[debug] [2026-04-13T17:25:18.262Z] Got source token undefined for region us-central1
[error] Build failed with status: FAILURE and message: npm error code EUSAGE
npm error
npm error `npm ci` can only install packages when your package.json and package-lock.json or npm-shrinkwrap.json are in sync. Please update your lock file with `npm install` before continuing.
npm error
npm error Invalid: lock file's firebase-admin@11.11.1 does not satisfy firebase-admin@12.7.0
npm error Invalid: lock file's firebase-functions@4.9.0 does not satisfy firebase-functions@5.1.1
npm error Invalid: lock file's @fastify/busboy@1.2.1 does not satisfy @fastify/busboy@3.2.0
npm error Invalid: lock file's @firebase/database-compat@0.3.4 does not satisfy @firebase/database-compat@1.0.8
npm error Invalid: lock file's @firebase/database-types@0.10.4 does not satisfy @firebase/database-types@1.0.5
npm error Invalid: lock file's @google-cloud/firestore@6.8.0 does not satisfy @google-cloud/firestore@7.11.6
npm error Invalid: lock file's @google-cloud/storage@6.12.0 does not satisfy @google-cloud/storage@7.19.0
npm error Missing: @types/node@22.19.17 from lock file
npm error Missing: farmhash-modern@1.1.0 from lock file
npm error Invalid: lock file's uuid@9.0.1 does not satisfy uuid@10.0.0
npm error Invalid: lock file's @firebase/component@0.6.4 does not satisfy @firebase/component@0.6.9
npm error Invalid: lock file's @firebase/database@0.14.4 does not satisfy @firebase/database@1.0.8
npm error Invalid: lock file's @firebase/logger@0.4.0 does not satisfy @firebase/logger@0.4.2
npm error Invalid: lock file's @firebase/util@1.9.3 does not satisfy @firebase/util@1.10.0
npm error Missing: @firebase/app-check-interop-types@0.3.2 from lock file
npm error Invalid: lock file's @firebase/auth-interop-types@0.2.1 does not satisfy @firebase/auth-interop-types@0.2.3
npm error Invalid: lock file's @firebase/app-types@0.9.0 does not satisfy @firebase/app-types@0.9.2
npm error Missing: @opentelemetry/api@1.9.1 from lock file
npm error Invalid: lock file's google-gax@3.6.1 does not satisfy google-gax@4.6.1
npm error Invalid: lock file's @google-cloud/paginator@3.0.7 does not satisfy @google-cloud/paginator@5.0.2
npm error Invalid: lock file's @google-cloud/projectify@3.0.0 does not satisfy @google-cloud/projectify@4.0.0
npm error Invalid: lock file's @google-cloud/promisify@3.0.1 does not satisfy @google-cloud/promisify@4.0.0
npm error Invalid: lock file's fast-xml-parser@4.5.6 does not satisfy fast-xml-parser@5.5.12
npm error Invalid: lock file's gaxios@5.1.3 does not satisfy gaxios@6.7.1
npm error Invalid: lock file's google-auth-library@8.9.0 does not satisfy google-auth-library@9.15.1
npm error Missing: html-entities@2.6.0 from lock file
npm error Invalid: lock file's retry-request@5.0.2 does not satisfy retry-request@7.0.2
npm error Invalid: lock file's teeny-request@8.0.3 does not satisfy teeny-request@9.0.0
npm error Missing: fast-xml-builder@1.1.4 from lock file
npm error Missing: path-expression-matcher@1.5.0 from lock file
npm error Invalid: lock file's strnum@1.1.2 does not satisfy strnum@2.2.3
npm error Invalid: lock file's https-proxy-agent@5.0.1 does not satisfy https-proxy-agent@7.0.6
npm error Missing: uuid@9.0.1 from lock file
npm error Invalid: lock file's gcp-metadata@5.3.0 does not satisfy gcp-metadata@6.1.1
npm error Invalid: lock file's gtoken@6.1.2 does not satisfy gtoken@7.1.0
npm error Missing: google-logging-utils@0.0.2 from lock file
npm error Invalid: lock file's @grpc/grpc-js@1.8.22 does not satisfy @grpc/grpc-js@1.14.3
npm error Invalid: lock file's proto3-json-serializer@1.1.1 does not satisfy proto3-json-serializer@2.0.2
npm error Missing: uuid@9.0.1 from lock file
npm error Missing: @grpc/proto-loader@0.8.0 from lock file
npm error Missing: @js-sdsl/ordered-map@4.4.2 from lock file
npm error Invalid: lock file's agent-base@6.0.2 does not satisfy agent-base@7.1.4
npm error Missing: @types/request@2.48.13 from lock file
npm error Missing: @types/caseless@0.12.5 from lock file
npm error Missing: @types/tough-cookie@4.0.5 from lock file
npm error Missing: form-data@2.5.5 from lock file
npm error Missing: asynckit@0.4.0 from lock file
npm error Missing: combined-stream@1.0.8 from lock file
npm error Missing: delayed-stream@1.0.0 from lock file
npm error Missing: https-proxy-agent@5.0.1 from lock file
npm error Missing: uuid@9.0.1 from lock file
npm error Missing: agent-base@6.0.2 from lock file
npm error Missing: undici-types@6.21.0 from lock file
npm error Missing: agent-base@6.0.2 from lock file
npm error
npm error Clean install a project
npm error
npm error Usage:
npm error npm ci
npm error
npm error Options:
npm error [--install-strategy <hoisted|nested|shallow|linked>] [--legacy-bundling]
npm error [--global-style] [--omit <dev|optional|peer> [--omit <dev|optional|peer> ...]]
npm error [--include <prod|dev|optional|peer> [--include <prod|dev|optional|peer> ...]]
npm error [--strict-peer-deps] [--foreground-scripts] [--ignore-scripts] [--no-audit]
npm error [--no-bin-links] [--no-fund] [--dry-run]
npm error [-w|--workspace <workspace-name> [-w|--workspace <workspace-name> ...]]
npm error [-ws|--workspaces] [--include-workspace-root] [--install-links]
npm error
npm error aliases: clean-install, ic, install-clean, isntall-clean
npm error
npm error Run "npm help ci" for more info
npm error A complete log of this run can be found in: /www-data-home/.npm/_logs/2026-04-13T17_24_30_005Z-debug-0.log. For more details see the logs at https://console.cloud.google.com/cloud-build/builds;region=us-central1/5932005f-c0cf-4962-b5bb-0f92ea62511c?project=814334659870.
[debug] [2026-04-13T17:25:18.271Z] Total Function Deployment time: 64088
[debug] [2026-04-13T17:25:18.272Z] 1 Functions Deployed
[debug] [2026-04-13T17:25:18.272Z] 1 Functions Errored
[debug] [2026-04-13T17:25:18.272Z] 0 Function Deployments Aborted
[debug] [2026-04-13T17:25:18.272Z] Average Function Deployment time: 64087
[info] 
[info] Functions deploy had errors with the following functions:
	createUser(us-central1)
[info] i  functions: cleaning up build files... 
[debug] [2026-04-13T17:25:18.402Z] >>> [apiv2][query] DELETE https://artifactregistry.googleapis.com/v1beta2/projects/cocha-turismo/locations/us-central1/repositories/gcf-artifacts/packages/create_user [none]
[debug] [2026-04-13T17:25:18.403Z] >>> [apiv2][query] GET https://us.gcr.io/v2/cocha-turismo/gcf/us-central1/tags/list [none]
[debug] [2026-04-13T17:25:19.112Z] <<< [apiv2][status] GET https://us.gcr.io/v2/cocha-turismo/gcf/us-central1/tags/list 404
[debug] [2026-04-13T17:25:19.112Z] <<< [apiv2][body] GET https://us.gcr.io/v2/cocha-turismo/gcf/us-central1/tags/list {"errors":[{"code":"NAME_UNKNOWN","message":"Repository \"us.gcr.io\" not found"}]}
[debug] [2026-04-13T17:25:19.113Z] Failed docker command with error  HTTP Error: 404, Not Found {"name":"FirebaseError","children":[],"context":{"body":{"errors":[{"code":"NAME_UNKNOWN","message":"Repository \"us.gcr.io\" not found"}],"error":{"message":"Not Found"}},"response":{"statusCode":404}},"exit":1,"message":"HTTP Error: 404, Not Found","status":404}
[debug] [2026-04-13T17:25:19.120Z] >>> [apiv2][query] GET https://us.gcr.io/v2/cocha-turismo/gcf/us-central1/tags/list [none]
[debug] [2026-04-13T17:25:19.537Z] <<< [apiv2][status] DELETE https://artifactregistry.googleapis.com/v1beta2/projects/cocha-turismo/locations/us-central1/repositories/gcf-artifacts/packages/create_user 404
[debug] [2026-04-13T17:25:19.538Z] <<< [apiv2][body] DELETE https://artifactregistry.googleapis.com/v1beta2/projects/cocha-turismo/locations/us-central1/repositories/gcf-artifacts/packages/create_user {"error":{"code":404,"message":"Package \"projects/cocha-turismo/locations/us-central1/repositories/gcf-artifacts/packages/create_user\" was not found.","status":"NOT_FOUND"}}
[debug] [2026-04-13T17:25:19.946Z] <<< [apiv2][status] GET https://us.gcr.io/v2/cocha-turismo/gcf/us-central1/tags/list 404
[debug] [2026-04-13T17:25:19.947Z] <<< [apiv2][body] GET https://us.gcr.io/v2/cocha-turismo/gcf/us-central1/tags/list {"errors":[{"code":"NAME_UNKNOWN","message":"Repository \"us.gcr.io\" not found"}]}
[debug] [2026-04-13T17:25:19.947Z] Failed docker command with error  HTTP Error: 404, Not Found {"name":"FirebaseError","children":[],"context":{"body":{"errors":[{"code":"NAME_UNKNOWN","message":"Repository \"us.gcr.io\" not found"}],"error":{"message":"Not Found"}},"response":{"statusCode":404}},"exit":1,"message":"HTTP Error: 404, Not Found","status":404}
[debug] [2026-04-13T17:25:20.056Z] >>> [apiv2][query] GET https://us.gcr.io/v2/cocha-turismo/gcf/us-central1/tags/list [none]
[debug] [2026-04-13T17:25:20.413Z] <<< [apiv2][status] GET https://us.gcr.io/v2/cocha-turismo/gcf/us-central1/tags/list 404
[debug] [2026-04-13T17:25:20.413Z] <<< [apiv2][body] GET https://us.gcr.io/v2/cocha-turismo/gcf/us-central1/tags/list {"errors":[{"code":"NAME_UNKNOWN","message":"Repository \"us.gcr.io\" not found"}]}
[debug] [2026-04-13T17:25:20.413Z] Failed docker command with error  HTTP Error: 404, Not Found {"name":"FirebaseError","children":[],"context":{"body":{"errors":[{"code":"NAME_UNKNOWN","message":"Repository \"us.gcr.io\" not found"}],"error":{"message":"Not Found"}},"response":{"statusCode":404}},"exit":1,"message":"HTTP Error: 404, Not Found","status":404}
[warn] !  functions: Unhandled error cleaning up build images. This could result in a small monthly bill if not corrected. You can attempt to delete these images by redeploying or you can delete them manually at https://console.cloud.google.com/gcr/images/cocha-turismo/us/gcf 
[debug] [2026-04-13T17:25:20.414Z] Functions deploy failed.
[debug] [2026-04-13T17:25:20.414Z] {
  "endpoint": {
    "id": "createUser",
    "project": "cocha-turismo",
    "region": "us-central1",
    "entryPoint": "createUser",
    "platform": "gcfv2",
    "runtime": "nodejs20",
    "callableTrigger": {},
    "labels": {
      "deployment-tool": "cli-firebase"
    },
    "ingressSettings": null,
    "availableMemoryMb": null,
    "serviceAccount": null,
    "timeoutSeconds": null,
    "maxInstances": null,
    "minInstances": null,
    "concurrency": 80,
    "vpc": null,
    "environmentVariables": {
      "FIREBASE_CONFIG": "{\"projectId\":\"cocha-turismo\",\"storageBucket\":\"cocha-turismo.appspot.com\",\"locationId\":\"us-central\"}",
      "GCLOUD_PROJECT": "cocha-turismo",
      "EVENTARC_CLOUD_EVENT_SOURCE": "projects/cocha-turismo/locations/us-central1/services/createUser"
    },
    "codebase": "default",
    "cpu": 1,
    "targetedByOnly": false,
    "hash": "a7d96060cd8f1ee9f16f0da8ce1ef33d0847c70a"
  },
  "op": "create",
  "original": {
    "name": "FirebaseError",
    "children": [],
    "exit": 1,
    "message": "Build failed with status: FAILURE and message: npm error code EUSAGE\nnpm error\nnpm error `npm ci` can only install packages when your package.json and package-lock.json or npm-shrinkwrap.json are in sync. Please update your lock file with `npm install` before continuing.\nnpm error\nnpm error Invalid: lock file's firebase-admin@11.11.1 does not satisfy firebase-admin@12.7.0\nnpm error Invalid: lock file's firebase-functions@4.9.0 does not satisfy firebase-functions@5.1.1\nnpm error Invalid: lock file's @fastify/busboy@1.2.1 does not satisfy @fastify/busboy@3.2.0\nnpm error Invalid: lock file's @firebase/database-compat@0.3.4 does not satisfy @firebase/database-compat@1.0.8\nnpm error Invalid: lock file's @firebase/database-types@0.10.4 does not satisfy @firebase/database-types@1.0.5\nnpm error Invalid: lock file's @google-cloud/firestore@6.8.0 does not satisfy @google-cloud/firestore@7.11.6\nnpm error Invalid: lock file's @google-cloud/storage@6.12.0 does not satisfy @google-cloud/storage@7.19.0\nnpm error Missing: @types/node@22.19.17 from lock file\nnpm error Missing: farmhash-modern@1.1.0 from lock file\nnpm error Invalid: lock file's uuid@9.0.1 does not satisfy uuid@10.0.0\nnpm error Invalid: lock file's @firebase/component@0.6.4 does not satisfy @firebase/component@0.6.9\nnpm error Invalid: lock file's @firebase/database@0.14.4 does not satisfy @firebase/database@1.0.8\nnpm error Invalid: lock file's @firebase/logger@0.4.0 does not satisfy @firebase/logger@0.4.2\nnpm error Invalid: lock file's @firebase/util@1.9.3 does not satisfy @firebase/util@1.10.0\nnpm error Missing: @firebase/app-check-interop-types@0.3.2 from lock file\nnpm error Invalid: lock file's @firebase/auth-interop-types@0.2.1 does not satisfy @firebase/auth-interop-types@0.2.3\nnpm error Invalid: lock file's @firebase/app-types@0.9.0 does not satisfy @firebase/app-types@0.9.2\nnpm error Missing: @opentelemetry/api@1.9.1 from lock file\nnpm error Invalid: lock file's google-gax@3.6.1 does not satisfy google-gax@4.6.1\nnpm error Invalid: lock file's @google-cloud/paginator@3.0.7 does not satisfy @google-cloud/paginator@5.0.2\nnpm error Invalid: lock file's @google-cloud/projectify@3.0.0 does not satisfy @google-cloud/projectify@4.0.0\nnpm error Invalid: lock file's @google-cloud/promisify@3.0.1 does not satisfy @google-cloud/promisify@4.0.0\nnpm error Invalid: lock file's fast-xml-parser@4.5.6 does not satisfy fast-xml-parser@5.5.12\nnpm error Invalid: lock file's gaxios@5.1.3 does not satisfy gaxios@6.7.1\nnpm error Invalid: lock file's google-auth-library@8.9.0 does not satisfy google-auth-library@9.15.1\nnpm error Missing: html-entities@2.6.0 from lock file\nnpm error Invalid: lock file's retry-request@5.0.2 does not satisfy retry-request@7.0.2\nnpm error Invalid: lock file's teeny-request@8.0.3 does not satisfy teeny-request@9.0.0\nnpm error Missing: fast-xml-builder@1.1.4 from lock file\nnpm error Missing: path-expression-matcher@1.5.0 from lock file\nnpm error Invalid: lock file's strnum@1.1.2 does not satisfy strnum@2.2.3\nnpm error Invalid: lock file's https-proxy-agent@5.0.1 does not satisfy https-proxy-agent@7.0.6\nnpm error Missing: uuid@9.0.1 from lock file\nnpm error Invalid: lock file's gcp-metadata@5.3.0 does not satisfy gcp-metadata@6.1.1\nnpm error Invalid: lock file's gtoken@6.1.2 does not satisfy gtoken@7.1.0\nnpm error Missing: google-logging-utils@0.0.2 from lock file\nnpm error Invalid: lock file's @grpc/grpc-js@1.8.22 does not satisfy @grpc/grpc-js@1.14.3\nnpm error Invalid: lock file's proto3-json-serializer@1.1.1 does not satisfy proto3-json-serializer@2.0.2\nnpm error Missing: uuid@9.0.1 from lock file\nnpm error Missing: @grpc/proto-loader@0.8.0 from lock file\nnpm error Missing: @js-sdsl/ordered-map@4.4.2 from lock file\nnpm error Invalid: lock file's agent-base@6.0.2 does not satisfy agent-base@7.1.4\nnpm error Missing: @types/request@2.48.13 from lock file\nnpm error Missing: @types/caseless@0.12.5 from lock file\nnpm error Missing: @types/tough-cookie@4.0.5 from lock file\nnpm error Missing: form-data@2.5.5 from lock file\nnpm error Missing: asynckit@0.4.0 from lock file\nnpm error Missing: combined-stream@1.0.8 from lock file\nnpm error Missing: delayed-stream@1.0.0 from lock file\nnpm error Missing: https-proxy-agent@5.0.1 from lock file\nnpm error Missing: uuid@9.0.1 from lock file\nnpm error Missing: agent-base@6.0.2 from lock file\nnpm error Missing: undici-types@6.21.0 from lock file\nnpm error Missing: agent-base@6.0.2 from lock file\nnpm error\nnpm error Clean install a project\nnpm error\nnpm error Usage:\nnpm error npm ci\nnpm error\nnpm error Options:\nnpm error [--install-strategy <hoisted|nested|shallow|linked>] [--legacy-bundling]\nnpm error [--global-style] [--omit <dev|optional|peer> [--omit <dev|optional|peer> ...]]\nnpm error [--include <prod|dev|optional|peer> [--include <prod|dev|optional|peer> ...]]\nnpm error [--strict-peer-deps] [--foreground-scripts] [--ignore-scripts] [--no-audit]\nnpm error [--no-bin-links] [--no-fund] [--dry-run]\nnpm error [-w|--workspace <workspace-name> [-w|--workspace <workspace-name> ...]]\nnpm error [-ws|--workspaces] [--include-workspace-root] [--install-links]\nnpm error\nnpm error aliases: clean-install, ic, install-clean, isntall-clean\nnpm error\nnpm error Run \"npm help ci\" for more info\nnpm error A complete log of this run can be found in: /www-data-home/.npm/_logs/2026-04-13T17_24_30_005Z-debug-0.log. For more details see the logs at https://console.cloud.google.com/cloud-build/builds;region=us-central1/5932005f-c0cf-4962-b5bb-0f92ea62511c?project=814334659870.",
    "status": 3,
    "code": 3
  }
}
[debug] [2026-04-13T17:25:20.455Z] Error: Failed to create function createUser in region us-central1
    at C:\Users\OSCAR\AppData\Roaming\npm\node_modules\firebase-tools\lib\deploy\functions\release\fabricator.js:291:27
    at process.processTicksAndRejections (node:internal/process/task_queues:104:5)
    at async Fabricator.createV2Function (C:\Users\OSCAR\AppData\Roaming\npm\node_modules\firebase-tools\lib\deploy\functions\release\fabricator.js:277:30)
    at async Fabricator.createEndpoint (C:\Users\OSCAR\AppData\Roaming\npm\node_modules\firebase-tools\lib\deploy\functions\release\fabricator.js:136:13)
    at async handle (C:\Users\OSCAR\AppData\Roaming\npm\node_modules\firebase-tools\lib\deploy\functions\release\fabricator.js:88:17)
[error] 
[error] Error: There was an error deploying functions
